<?xml version="1.0" encoding="UTF-8"?>

<Observation xmlns="http://hl7.org/fhir">
  <id value="example-erregernachweis-mrsa"/>
  <meta>
    <profile value="https://charite.de/fhir/erregerfall/StructureDefinition/sd-erregernachweis"/>
  </meta>
  <text>
    <status value="generated"/><div xmlns="http://www.w3.org/1999/xhtml"><p><b>Generated Narrative</b></p><div style="display: inline-block; background-color: #d9e0e7; padding: 6px; margin: 4px; border: 1px solid #8da1b4; border-radius: 5px; line-height: 60%"><p style="margin-bottom: 0px">Resource "example-erregernachweis-mrsa" </p><p style="margin-bottom: 0px">Profile: <a href="StructureDefinition-sd-erregernachweis.html">Profil - Erreger Nachweis</a></p></div><p><b>identifier</b>: Observation Instance Identifier: 59826-8_1234567890</p><p><b>status</b>: final</p><p><b>category</b>: Laboratory studies (set) <span style="background: LightGoldenRodYellow; margin: 4px; border: 1px solid khaki"> (<a href="https://loinc.org/">LOINC</a>#26436-6; <a href="http://terminology.hl7.org/3.1.0/CodeSystem-observation-category.html">Observation Category Codes</a>#laboratory; <a href="https://loinc.org/">LOINC</a>#18725-2)</span></p><p><b>code</b>: Microorganism identified in Specimen by Culture <span style="background: LightGoldenRodYellow; margin: 4px; border: 1px solid khaki"> (<a href="https://loinc.org/">LOINC</a>#11475-1)</span></p><p><b>subject</b>: <a href="https://simplifier.net/resolve?scope=de.medizininformatikinitiative.kerndatensatz.laborbefund@1.0.7-alpha1&amp;canonical=de.medizininformatikinitiative.kerndatensatz.laborbefund/Patient/example">Patient/example</a></p><p><b>effective</b>: 2022-05-31</p><p><b>value</b>: Detected (qualifier value) <span style="background: LightGoldenRodYellow; margin: 4px; border: 1px solid khaki"> (<a href="https://browser.ihtsdotools.org/">SNOMED CT</a>#260373001)</span></p><p><b>specimen</b>: <a href="https://simplifier.net/resolve?scope=de.medizininformatikinitiative.kerndatensatz.laborbefund@1.0.7-alpha1&amp;canonical=de.medizininformatikinitiative.kerndatensatz.laborbefund/Specimen/example">Specimen/example</a></p><blockquote><p><b>component</b></p><p><b>code</b>: Bacteria identified in Specimen by Culture <span style="background: LightGoldenRodYellow; margin: 4px; border: 1px solid khaki"> (<a href="https://loinc.org/">LOINC</a>#6463-4)</span></p><p><b>value</b>: Methicillin resistant Staphylococcus aureus (organism) <span style="background: LightGoldenRodYellow; margin: 4px; border: 1px solid khaki"> (<a href="https://browser.ihtsdotools.org/">SNOMED CT</a>#115329001)</span></p></blockquote><blockquote><p><b>component</b></p><p><b>code</b>: Date of first infection onset <span style="background: LightGoldenRodYellow; margin: 4px; border: 1px solid khaki"> (<a href="https://loinc.org/">LOINC</a>#99350-1)</span></p><p><b>value</b>: 2022-05-31</p></blockquote><blockquote><p><b>component</b></p><p><b>code</b>: Setting of exposure to illness <span style="background: LightGoldenRodYellow; margin: 4px; border: 1px solid khaki"> (<a href="https://loinc.org/">LOINC</a>#81267-7)</span></p><p><b>value</b>: CBF Station 12</p></blockquote></div>
  </text>
  <identifier>
    <type>
      <coding>
        <system value="http://terminology.hl7.org/CodeSystem/v2-0203"/>
        <code value="OBI"/>
      </coding>
    </type>
    <system value="https://www.charite.de/fhir/sid/lab-tests"/>
    <value value="59826-8_1234567890"/>
    <assigner>
      <reference value="Organization/charite"/>
    </assigner>
  </identifier>
  <status value="final"/>
  <category>
    <coding>
      <system value="http://loinc.org"/>
      <code value="26436-6"/>
    </coding>
    <coding>
      <system value="http://terminology.hl7.org/CodeSystem/observation-category"/>
      <code value="laboratory"/>
    </coding>
    <coding>
      <system value="http://loinc.org"/>
      <code value="18725-2"/>
    </coding>
  </category>
  <code>
    <coding>
      <system value="http://loinc.org"/>
      <code value="11475-1"/>
    </coding>
  </code>
  <subject>
    <reference value="Patient/example"/>
  </subject>
  <effectiveDateTime value="2022-05-31"/>
  <valueCodeableConcept>
    <coding>
      <system value="http://snomed.info/sct"/>
      <code value="260373001"/>
      <display value="Detected (qualifier value)"/>
    </coding>
  </valueCodeableConcept>
  <specimen>
    <reference value="Specimen/example"/>
  </specimen>
  <component>
    <code>
      <coding>
        <system value="http://loinc.org"/>
        <code value="6463-4"/>
        <display value="Bacteria identified in Specimen by Culture"/>
      </coding>
    </code>
    <valueCodeableConcept>
      <coding>
        <system value="http://snomed.info/sct"/>
        <code value="115329001"/>
        <display value="Methicillin resistant Staphylococcus aureus (organism)"/>
      </coding>
    </valueCodeableConcept>
  </component>
  <component>
    <code>
      <coding>
        <system value="http://loinc.org"/>
        <code value="99350-1"/>
        <display value="Date of first infection onset"/>
      </coding>
    </code>
    <valueDateTime value="2022-05-31"/>
  </component>
  <component>
    <code>
      <coding>
        <system value="http://loinc.org"/>
        <code value="81267-7"/>
        <display value="Setting of exposure to illness"/>
      </coding>
    </code>
    <valueString value="CBF Station 12"/>
  </component>
</Observation>