<?xml version="1.0" encoding="UTF-8"?><ImplementationGuide xmlns="http://hl7.org/fhir"><id value="erreger.fall"/><text><status value="extensions"/><div xmlns="http://www.w3.org/1999/xhtml"><h2>ErregerFall</h2><p>The official URL for this implementation guide is: </p><pre>https://charite.de/fhir/erregerfall/ImplementationGuide/erreger.fall</pre><div><p>Profile für die Use Cases Erreger-Fall und Abstrichserie</p>
</div></div></text><url value="https://charite.de/fhir/erregerfall/ImplementationGuide/erreger.fall"/><version value="0.1.0"/><name value="ErregerFall"/><title value="ErregerFall"/><status value="draft"/><date value="2022-07-06T12:38:37+00:00"/><publisher value="Berlin Institute of Health"/><contact><name value="Berlin Institute of Health"/><telecom><system value="url"/><value value="https://www.bihealth.org/"/></telecom></contact><description value="Profile für die Use Cases Erreger-Fall und Abstrichserie"/><packageId value="erreger.fall"/><license value="CC0-1.0"/><fhirVersion value="4.0.1"/><dependsOn id="hl7tx"><uri value="http://terminology.hl7.org/ImplementationGuide/hl7.terminology"/><packageId value="hl7.terminology.r4"/><version value="3.1.0"/></dependsOn><dependsOn id="de_medizininformatikinitiative_kerndatensatz_laborbefund"><uri value="de.medizininformatikinitiative.kerndatensatz.laborbefund"/><packageId value="de.medizininformatikinitiative.kerndatensatz.laborbefund"/><version value="1.0.7-alpha1"/></dependsOn><dependsOn id="de_medizininformatikinitiative_kerndatensatz_biobank"><uri value="de.medizininformatikinitiative.kerndatensatz.biobank"/><packageId value="de.medizininformatikinitiative.kerndatensatz.biobank"/><version value="1.0.1"/></dependsOn><definition><extension url="http://hl7.org/fhir/tools/StructureDefinition/ig-parameter"><extension url="code"><valueString value="copyrightyear"/></extension><extension url="value"><valueString value="2022+"/></extension></extension><extension url="http://hl7.org/fhir/tools/StructureDefinition/ig-parameter"><extension url="code"><valueString value="releaselabel"/></extension><extension url="value"><valueString value="ci-build"/></extension></extension><extension url="http://hl7.org/fhir/tools/StructureDefinition/ig-parameter"><extension url="code"><valueString value="path-liquid"/></extension><extension url="value"><valueString value="template/liquid"/></extension></extension><extension url="http://hl7.org/fhir/tools/StructureDefinition/ig-parameter"><extension url="code"><valueString value="path-liquid"/></extension><extension url="value"><valueString value="input/liquid"/></extension></extension><extension url="http://hl7.org/fhir/tools/StructureDefinition/ig-parameter"><extension url="code"><valueString value="path-qa"/></extension><extension url="value"><valueString value="temp/qa"/></extension></extension><extension url="http://hl7.org/fhir/tools/StructureDefinition/ig-parameter"><extension url="code"><valueString value="path-temp"/></extension><extension url="value"><valueString value="temp/pages"/></extension></extension><extension url="http://hl7.org/fhir/tools/StructureDefinition/ig-parameter"><extension url="code"><valueString value="path-output"/></extension><extension url="value"><valueString value="output"/></extension></extension><extension url="http://hl7.org/fhir/tools/StructureDefinition/ig-parameter"><extension url="code"><valueString value="path-suppressed-warnings"/></extension><extension url="value"><valueString value="input/ignoreWarnings.txt"/></extension></extension><extension url="http://hl7.org/fhir/tools/StructureDefinition/ig-parameter"><extension url="code"><valueString value="path-history"/></extension><extension url="value"><valueString value="https://charite.de/fhir/erregerfall/history.html"/></extension></extension><extension url="http://hl7.org/fhir/tools/StructureDefinition/ig-parameter"><extension url="code"><valueString value="template-html"/></extension><extension url="value"><valueString value="template-page.html"/></extension></extension><extension url="http://hl7.org/fhir/tools/StructureDefinition/ig-parameter"><extension url="code"><valueString value="template-md"/></extension><extension url="value"><valueString value="template-page-md.html"/></extension></extension><extension url="http://hl7.org/fhir/tools/StructureDefinition/ig-parameter"><extension url="code"><valueString value="apply-contact"/></extension><extension url="value"><valueString value="true"/></extension></extension><extension url="http://hl7.org/fhir/tools/StructureDefinition/ig-parameter"><extension url="code"><valueString value="apply-context"/></extension><extension url="value"><valueString value="true"/></extension></extension><extension url="http://hl7.org/fhir/tools/StructureDefinition/ig-parameter"><extension url="code"><valueString value="apply-copyright"/></extension><extension url="value"><valueString value="true"/></extension></extension><extension url="http://hl7.org/fhir/tools/StructureDefinition/ig-parameter"><extension url="code"><valueString value="apply-jurisdiction"/></extension><extension url="value"><valueString value="true"/></extension></extension><extension url="http://hl7.org/fhir/tools/StructureDefinition/ig-parameter"><extension url="code"><valueString value="apply-license"/></extension><extension url="value"><valueString value="true"/></extension></extension><extension url="http://hl7.org/fhir/tools/StructureDefinition/ig-parameter"><extension url="code"><valueString value="apply-publisher"/></extension><extension url="value"><valueString value="true"/></extension></extension><extension url="http://hl7.org/fhir/tools/StructureDefinition/ig-parameter"><extension url="code"><valueString value="apply-version"/></extension><extension url="value"><valueString value="true"/></extension></extension><extension url="http://hl7.org/fhir/tools/StructureDefinition/ig-parameter"><extension url="code"><valueString value="active-tables"/></extension><extension url="value"><valueString value="true"/></extension></extension><extension url="http://hl7.org/fhir/tools/StructureDefinition/ig-parameter"><extension url="code"><valueString value="fmm-definition"/></extension><extension url="value"><valueString value="http://hl7.org/fhir/versions.html#maturity"/></extension></extension><extension url="http://hl7.org/fhir/tools/StructureDefinition/ig-parameter"><extension url="code"><valueString value="propagate-status"/></extension><extension url="value"><valueString value="true"/></extension></extension><extension url="http://hl7.org/fhir/tools/StructureDefinition/ig-parameter"><extension url="code"><valueString value="excludelogbinaryformat"/></extension><extension url="value"><valueString value="true"/></extension></extension><grouping id="-str-profile"><name value="Structures: Resource Profiles"/><description value="These define constraints on FHIR resources for systems conforming to this implementation guide"/></grouping><grouping id="-term-valueset"><name value="Terminology: Value Sets"/><description value="These define sets of codes used by systems conforming to this implementation guide"/></grouping><grouping id="-ex-example"><name value="Example: Example Instances"/><description value="These are example instances that show what data produced and consumed by systems conforming with this implementation guide might look like"/></grouping><resource><extension url="http://hl7.org/fhir/StructureDefinition/implementationguide-page"><valueUri value="StructureDefinition-sd-abstrichserie.html"/></extension><reference><reference value="StructureDefinition/sd-abstrichserie"/></reference><name value="Profil - Abstrichserie"/><description value="Eine Abstrichserie besteht aus einem oder mehreren Befunden, die für einen bestimmten Erreger relevant sind und als Grundlage für eine medizinische Entscheidung dienen"/><exampleBoolean value="false"/><groupingId value="-str-profile"/></resource><resource><extension url="http://hl7.org/fhir/StructureDefinition/implementationguide-page"><valueUri value="StructureDefinition-sd-erregerfall.html"/></extension><reference><reference value="StructureDefinition/sd-erregerfall"/></reference><name value="Profil - ErregerFall"/><description value="Ein Erreger-Fall beschreibt den Verlauf des Status eines Patienten in Bezug auf einen bestimmten Erreger. In der Regel entsteht ein Erreger-Fall als Reaktion auf eine positive oder grenzwertige Abstrichserie."/><exampleBoolean value="false"/><groupingId value="-str-profile"/></resource><resource><extension url="http://hl7.org/fhir/StructureDefinition/implementationguide-page"><valueUri value="StructureDefinition-sd-erregernachweis.html"/></extension><reference><reference value="StructureDefinition/sd-erregernachweis"/></reference><name value="Profil - Erreger Nachweis"/><exampleBoolean value="false"/><groupingId value="-str-profile"/></resource><resource><extension url="http://hl7.org/fhir/StructureDefinition/implementationguide-page"><valueUri value="StructureDefinition-sd-mre-klasse.html"/></extension><reference><reference value="StructureDefinition/sd-mre-klasse"/></reference><name value="Profil - MRE Klasse"/><exampleBoolean value="false"/><groupingId value="-str-profile"/></resource><resource><extension url="http://hl7.org/fhir/StructureDefinition/implementationguide-page"><valueUri value="ValueSet-vs-abstrichserie-ergbenis.html"/></extension><reference><reference value="ValueSet/vs-abstrichserie-ergbenis"/></reference><name value="ValueSet - Abstrichserie Ergebnis [SNOMED CT]"/><description value="Das ValueSet enthält Codes für Ergebnisse einer Abstrichserie."/><exampleBoolean value="false"/><groupingId value="-term-valueset"/></resource><resource><extension url="http://hl7.org/fhir/StructureDefinition/implementationguide-page"><valueUri value="ValueSet-vs-erreger-status.html"/></extension><reference><reference value="ValueSet/vs-erreger-status"/></reference><name value="ValueSet - ErregerStatus [SNOMED CT]"/><description value="Das ValueSet enthält Codes für den Erregerstatus eines Patienten."/><exampleBoolean value="false"/><groupingId value="-term-valueset"/></resource><resource><extension url="http://hl7.org/fhir/StructureDefinition/implementationguide-page"><valueUri value="ValueSet-vs-erreger-bakterien.html"/></extension><reference><reference value="ValueSet/vs-erreger-bakterien"/></reference><name value="ValueSet - Erreger Bakterien [SNOMED CT]"/><description value="Das ValueSet enthält Codes für Bakterien aus SNOMED CT."/><exampleBoolean value="false"/><groupingId value="-term-valueset"/></resource><resource><extension url="http://hl7.org/fhir/StructureDefinition/implementationguide-page"><valueUri value="ValueSet-vs-erreger-pilze.html"/></extension><reference><reference value="ValueSet/vs-erreger-pilze"/></reference><name value="ValueSet - Erreger Pilze [SNOMED CT]"/><description value="Das ValueSet enthält Codes für Pilze aus SNOMED CT."/><exampleBoolean value="false"/><groupingId value="-term-valueset"/></resource><resource><extension url="http://hl7.org/fhir/StructureDefinition/implementationguide-page"><valueUri value="ValueSet-vs-erreger-viren.html"/></extension><reference><reference value="ValueSet/vs-erreger-viren"/></reference><name value="ValueSet - Erreger Viren [SNOMED CT]"/><description value="Das ValueSet enthält Codes für Viren aus SNOMED CT."/><exampleBoolean value="false"/><groupingId value="-term-valueset"/></resource><resource><extension url="http://hl7.org/fhir/StructureDefinition/implementationguide-page"><valueUri value="ValueSet-vs-erregernachweis-qualifier.html"/></extension><reference><reference value="ValueSet/vs-erregernachweis-qualifier"/></reference><name value="ValueSet - Erregernachweis Qualifier [SNOMED CT]"/><description value="Das ValueSet enthält Codes zur Beschreibung des Testergebnisses eines Erregernachweises."/><exampleBoolean value="false"/><groupingId value="-term-valueset"/></resource><resource><extension url="http://hl7.org/fhir/StructureDefinition/implementationguide-page"><valueUri value="ValueSet-vs-mikrobiologischer-befund-mre-klasse.html"/></extension><reference><reference value="ValueSet/vs-mikrobiologischer-befund-mre-klasse"/></reference><name value="ValueSet - Mikrobiologischer Befund MRE Klasse [LOINC, SNOMED CT]"/><description value="Bezeichnungen für Klassen von Multiresistenten Erregern (MRE)."/><exampleBoolean value="false"/><groupingId value="-term-valueset"/></resource><resource><extension url="http://hl7.org/fhir/StructureDefinition/implementationguide-page"><valueUri value="DiagnosticReport-example-abstrichserie.html"/></extension><reference><reference value="DiagnosticReport/example-abstrichserie"/></reference><name value="Beispiel Abstrichserie"/><description value="Beispiel einer Abstrichserie"/><exampleCanonical value="https://charite.de/fhir/erregerfall/StructureDefinition/sd-abstrichserie"/><groupingId value="-ex-example"/></resource><resource><extension url="http://hl7.org/fhir/StructureDefinition/implementationguide-page"><valueUri value="DiagnosticReport-example-erregerfall-mrsa.html"/></extension><reference><reference value="DiagnosticReport/example-erregerfall-mrsa"/></reference><name value="Beispiel Erregerfall MRSA"/><description value="Beispiel eines Erregerfalls MRSA"/><exampleCanonical value="https://charite.de/fhir/erregerfall/StructureDefinition/sd-erregerfall"/><groupingId value="-ex-example"/></resource><resource><extension url="http://hl7.org/fhir/StructureDefinition/implementationguide-page"><valueUri value="Observation-example-erregernachweis-mrsa.html"/></extension><reference><reference value="Observation/example-erregernachweis-mrsa"/></reference><name value="Beispiel Erregernachweis MRSA"/><description value="Beispiel für Erregernachweis von MRSA"/><exampleCanonical value="https://charite.de/fhir/erregerfall/StructureDefinition/sd-erregernachweis"/><groupingId value="-ex-example"/></resource><resource><extension url="http://hl7.org/fhir/StructureDefinition/implementationguide-page"><valueUri value="Observation-example-mre-klasse-mrsa.html"/></extension><reference><reference value="Observation/example-mre-klasse-mrsa"/></reference><name value="Beispiel - MRE Klasse MRSA"/><description value="Beispiel für MRE Klasse MRSA"/><exampleCanonical value="https://charite.de/fhir/erregerfall/StructureDefinition/sd-mre-klasse"/><groupingId value="-ex-example"/></resource><page><nameUrl value="toc.html"/><title value="Table of Contents"/><generation value="html"/><page><nameUrl value="index.html"/><title value="Home"/><generation value="markdown"/></page><page><nameUrl value="logicalmodel.html"/><title value="Logical Model"/><generation value="markdown"/></page><page><nameUrl value="profiles.html"/><title value="Profiles"/><generation value="markdown"/></page><page><nameUrl value="extensions.html"/><title value="Extensions"/><generation value="markdown"/></page><page><nameUrl value="terminology.html"/><title value="Terminology"/><generation value="markdown"/></page><page><nameUrl value="artifacts.html"/><title value="Artifacts Summary"/><generation value="html"/><page><nameUrl value="StructureDefinition-sd-abstrichserie.html"/><title value="Profil - Abstrichserie"/><generation value="generated"/></page><page><nameUrl value="StructureDefinition-sd-erregerfall.html"/><title value="Profil - ErregerFall"/><generation value="generated"/></page><page><nameUrl value="StructureDefinition-sd-erregernachweis.html"/><title value="Profil - Erreger Nachweis"/><generation value="generated"/></page><page><nameUrl value="StructureDefinition-sd-mre-klasse.html"/><title value="Profil - MRE Klasse"/><generation value="generated"/></page><page><nameUrl value="ValueSet-vs-abstrichserie-ergbenis.html"/><title value="ValueSet - Abstrichserie Ergebnis [SNOMED CT]"/><generation value="generated"/></page><page><nameUrl value="ValueSet-vs-erreger-status.html"/><title value="ValueSet - ErregerStatus [SNOMED CT]"/><generation value="generated"/></page><page><nameUrl value="ValueSet-vs-erreger-bakterien.html"/><title value="ValueSet - Erreger Bakterien [SNOMED CT]"/><generation value="generated"/></page><page><nameUrl value="ValueSet-vs-erreger-pilze.html"/><title value="ValueSet - Erreger Pilze [SNOMED CT]"/><generation value="generated"/></page><page><nameUrl value="ValueSet-vs-erreger-viren.html"/><title value="ValueSet - Erreger Viren [SNOMED CT]"/><generation value="generated"/></page><page><nameUrl value="ValueSet-vs-erregernachweis-qualifier.html"/><title value="ValueSet - Erregernachweis Qualifier [SNOMED CT]"/><generation value="generated"/></page><page><nameUrl value="ValueSet-vs-mikrobiologischer-befund-mre-klasse.html"/><title value="ValueSet - Mikrobiologischer Befund MRE Klasse [LOINC, SNOMED CT]"/><generation value="generated"/></page><page><nameUrl value="DiagnosticReport-example-abstrichserie.html"/><title value="Beispiel Abstrichserie"/><generation value="generated"/></page><page><nameUrl value="DiagnosticReport-example-erregerfall-mrsa.html"/><title value="Beispiel Erregerfall MRSA"/><generation value="generated"/></page><page><nameUrl value="Observation-example-erregernachweis-mrsa.html"/><title value="Beispiel Erregernachweis MRSA"/><generation value="generated"/></page><page><nameUrl value="Observation-example-mre-klasse-mrsa.html"/><title value="Beispiel - MRE Klasse MRSA"/><generation value="generated"/></page></page></page><parameter><code value="path-resource"/><value value="input/capabilities"/></parameter><parameter><code value="path-resource"/><value value="input/examples"/></parameter><parameter><code value="path-resource"/><value value="input/extensions"/></parameter><parameter><code value="path-resource"/><value value="input/models"/></parameter><parameter><code value="path-resource"/><value value="input/operations"/></parameter><parameter><code value="path-resource"/><value value="input/profiles"/></parameter><parameter><code value="path-resource"/><value value="input/resources"/></parameter><parameter><code value="path-resource"/><value value="input/vocabulary"/></parameter><parameter><code value="path-resource"/><value value="input/maps"/></parameter><parameter><code value="path-resource"/><value value="input/testing"/></parameter><parameter><code value="path-resource"/><value value="input/history"/></parameter><parameter><code value="path-resource"/><value value="fsh-generated/resources"/></parameter><parameter><code value="path-pages"/><value value="template/config"/></parameter><parameter><code value="path-pages"/><value value="input/images"/></parameter><parameter><code value="path-tx-cache"/><value value="input-cache/txcache"/></parameter></definition></ImplementationGuide>