<?xml version="1.0" encoding="UTF-8"?><ImplementationGuide xmlns="http://hl7.org/fhir"><id value="erreger.fall"/><text><status value="extensions"/><div xmlns="http://www.w3.org/1999/xhtml"><h2>ErregerFall</h2><p>The official URL for this implementation guide is: </p><pre>https://charite.de/fhir/erregerfall/ImplementationGuide/erreger.fall</pre></div></text><url value="https://charite.de/fhir/erregerfall/ImplementationGuide/erreger.fall"/><version value="0.1.0"/><name value="ErregerFall"/><status value="draft"/><date value="2022-06-16T09:48:26+00:00"/><publisher value="Berlin Institute of Health"/><contact><name value="Berlin Institute of Health"/><telecom><system value="url"/><value value="https://www.bihealth.org/"/></telecom></contact><packageId value="erreger.fall"/><license value="CC0-1.0"/><fhirVersion value="4.0.1"/><dependsOn id="de_medizininformatikinitiative_kerndatensatz_laborbefund"><uri value="de.medizininformatikinitiative.kerndatensatz.laborbefund"/><packageId value="de.medizininformatikinitiative.kerndatensatz.laborbefund"/><version value="1.0.7-alpha1"/></dependsOn><dependsOn id="de_medizininformatikinitiative_kerndatensatz_biobank"><uri value="de.medizininformatikinitiative.kerndatensatz.biobank"/><packageId value="de.medizininformatikinitiative.kerndatensatz.biobank"/><version value="1.0.0"/></dependsOn><definition><extension url="http://hl7.org/fhir/tools/StructureDefinition/ig-parameter"><extension url="code"><valueString value="copyrightyear"/></extension><extension url="value"><valueString value="2022+"/></extension></extension><extension url="http://hl7.org/fhir/tools/StructureDefinition/ig-parameter"><extension url="code"><valueString value="releaselabel"/></extension><extension url="value"><valueString value="ci-build"/></extension></extension><extension url="http://hl7.org/fhir/tools/StructureDefinition/ig-parameter"><extension url="code"><valueString value="path-liquid"/></extension><extension url="value"><valueString value="template/liquid"/></extension></extension><extension url="http://hl7.org/fhir/tools/StructureDefinition/ig-parameter"><extension url="code"><valueString value="path-liquid"/></extension><extension url="value"><valueString value="input/liquid"/></extension></extension><extension url="http://hl7.org/fhir/tools/StructureDefinition/ig-parameter"><extension url="code"><valueString value="path-qa"/></extension><extension url="value"><valueString value="temp/qa"/></extension></extension><extension url="http://hl7.org/fhir/tools/StructureDefinition/ig-parameter"><extension url="code"><valueString value="path-temp"/></extension><extension url="value"><valueString value="temp/pages"/></extension></extension><extension url="http://hl7.org/fhir/tools/StructureDefinition/ig-parameter"><extension url="code"><valueString value="path-output"/></extension><extension url="value"><valueString value="output"/></extension></extension><extension url="http://hl7.org/fhir/tools/StructureDefinition/ig-parameter"><extension url="code"><valueString value="path-suppressed-warnings"/></extension><extension url="value"><valueString value="input/ignoreWarnings.txt"/></extension></extension><extension url="http://hl7.org/fhir/tools/StructureDefinition/ig-parameter"><extension url="code"><valueString value="path-history"/></extension><extension url="value"><valueString value="https://charite.de/fhir/erregerfall/history.html"/></extension></extension><extension url="http://hl7.org/fhir/tools/StructureDefinition/ig-parameter"><extension url="code"><valueString value="template-html"/></extension><extension url="value"><valueString value="template-page.html"/></extension></extension><extension url="http://hl7.org/fhir/tools/StructureDefinition/ig-parameter"><extension url="code"><valueString value="template-md"/></extension><extension url="value"><valueString value="template-page-md.html"/></extension></extension><extension url="http://hl7.org/fhir/tools/StructureDefinition/ig-parameter"><extension url="code"><valueString value="apply-contact"/></extension><extension url="value"><valueString value="true"/></extension></extension><extension url="http://hl7.org/fhir/tools/StructureDefinition/ig-parameter"><extension url="code"><valueString value="apply-context"/></extension><extension url="value"><valueString value="true"/></extension></extension><extension url="http://hl7.org/fhir/tools/StructureDefinition/ig-parameter"><extension url="code"><valueString value="apply-copyright"/></extension><extension url="value"><valueString value="true"/></extension></extension><extension url="http://hl7.org/fhir/tools/StructureDefinition/ig-parameter"><extension url="code"><valueString value="apply-jurisdiction"/></extension><extension url="value"><valueString value="true"/></extension></extension><extension url="http://hl7.org/fhir/tools/StructureDefinition/ig-parameter"><extension url="code"><valueString value="apply-license"/></extension><extension url="value"><valueString value="true"/></extension></extension><extension url="http://hl7.org/fhir/tools/StructureDefinition/ig-parameter"><extension url="code"><valueString value="apply-publisher"/></extension><extension url="value"><valueString value="true"/></extension></extension><extension url="http://hl7.org/fhir/tools/StructureDefinition/ig-parameter"><extension url="code"><valueString value="apply-version"/></extension><extension url="value"><valueString value="true"/></extension></extension><extension url="http://hl7.org/fhir/tools/StructureDefinition/ig-parameter"><extension url="code"><valueString value="active-tables"/></extension><extension url="value"><valueString value="true"/></extension></extension><extension url="http://hl7.org/fhir/tools/StructureDefinition/ig-parameter"><extension url="code"><valueString value="fmm-definition"/></extension><extension url="value"><valueString value="http://hl7.org/fhir/versions.html#maturity"/></extension></extension><extension url="http://hl7.org/fhir/tools/StructureDefinition/ig-parameter"><extension url="code"><valueString value="propagate-status"/></extension><extension url="value"><valueString value="true"/></extension></extension><extension url="http://hl7.org/fhir/tools/StructureDefinition/ig-parameter"><extension url="code"><valueString value="excludelogbinaryformat"/></extension><extension url="value"><valueString value="true"/></extension></extension><grouping id="-str-profile"><name value="Structures: Resource Profiles"/><description value="These define constraints on FHIR resources for systems conforming to this implementation guide"/></grouping><grouping id="-term-valueset"><name value="Terminology: Value Sets"/><description value="These define sets of codes used by systems conforming to this implementation guide"/></grouping><grouping id="-ex-example"><name value="Example: Example Instances"/><description value="These are example instances that show what data produced and consumed by systems conforming with this implementation guide might look like"/></grouping><resource><extension url="http://hl7.org/fhir/StructureDefinition/implementationguide-page"><valueUri value="StructureDefinition-sd-erregerfall.html"/></extension><reference><reference value="StructureDefinition/sd-erregerfall"/></reference><name value="ErregerFall"/><description value="tbd"/><exampleBoolean value="false"/><groupingId value="-str-profile"/></resource><resource><extension url="http://hl7.org/fhir/StructureDefinition/implementationguide-page"><valueUri value="StructureDefinition-sd-erregernachweis.html"/></extension><reference><reference value="StructureDefinition/sd-erregernachweis"/></reference><name value="Profile - Erreger Nachweis"/><exampleBoolean value="false"/><groupingId value="-str-profile"/></resource><resource><extension url="http://hl7.org/fhir/StructureDefinition/implementationguide-page"><valueUri value="StructureDefinition-sd-mre-klasse.html"/></extension><reference><reference value="StructureDefinition/sd-mre-klasse"/></reference><name value="Profile - MRE Klasse"/><exampleBoolean value="false"/><groupingId value="-str-profile"/></resource><resource><extension url="http://hl7.org/fhir/StructureDefinition/implementationguide-page"><valueUri value="ValueSet-ErregerStatus.html"/></extension><reference><reference value="ValueSet/ErregerStatus"/></reference><name value="ErregerStatus"/><description value="tbd"/><exampleBoolean value="false"/><groupingId value="-term-valueset"/></resource><resource><extension url="http://hl7.org/fhir/StructureDefinition/implementationguide-page"><valueUri value="ValueSet-vs-detection-qualifier-snomed-ct.html"/></extension><reference><reference value="ValueSet/vs-detection-qualifier-snomed-ct"/></reference><name value="VS Detection Qualifier [SNOMED CT]"/><description value="A set of codes representing the result of a test as detected, not detected, or inconclusive."/><exampleBoolean value="false"/><groupingId value="-term-valueset"/></resource><resource><extension url="http://hl7.org/fhir/StructureDefinition/implementationguide-page"><valueUri value="ValueSet-vs-erreger-bakterien.html"/></extension><reference><reference value="ValueSet/vs-erreger-bakterien"/></reference><name value="VS Erreger Bakterien"/><description value="tbd"/><exampleBoolean value="false"/><groupingId value="-term-valueset"/></resource><resource><extension url="http://hl7.org/fhir/StructureDefinition/implementationguide-page"><valueUri value="ValueSet-vs-erreger-pilze.html"/></extension><reference><reference value="ValueSet/vs-erreger-pilze"/></reference><name value="VS Erreger Pilze"/><description value="tbd"/><exampleBoolean value="false"/><groupingId value="-term-valueset"/></resource><resource><extension url="http://hl7.org/fhir/StructureDefinition/implementationguide-page"><valueUri value="ValueSet-vs-erreger-viren.html"/></extension><reference><reference value="ValueSet/vs-erreger-viren"/></reference><name value="VS Erreger Viren"/><description value="tbd"/><exampleBoolean value="false"/><groupingId value="-term-valueset"/></resource><resource><extension url="http://hl7.org/fhir/StructureDefinition/implementationguide-page"><valueUri value="ValueSet-VS-Mikrobiologischer-Befund-MRE-Klasse.html"/></extension><reference><reference value="ValueSet/VS-Mikrobiologischer-Befund-MRE-Klasse"/></reference><name value="VS Mikrobiologischer Befund MRE Klasse [LOINC, SNOMED CT]"/><description value="Bezeichnungen für Klassen von Multiresistenten Erregern (MRE)."/><exampleBoolean value="false"/><groupingId value="-term-valueset"/></resource><resource><extension url="http://hl7.org/fhir/StructureDefinition/implementationguide-page"><valueUri value="DiagnosticReport-example-erregerfall-1.html"/></extension><reference><reference value="DiagnosticReport/example-erregerfall-1"/></reference><name value="example-erregerfall-1"/><description value="Beispiel eines Erregerfalls"/><exampleCanonical value="https://charite.de/fhir/erregerfall/StructureDefinition/sd-erregerfall"/><groupingId value="-ex-example"/></resource><resource><extension url="http://hl7.org/fhir/StructureDefinition/implementationguide-page"><valueUri value="Observation-example-erregernachweis.html"/></extension><reference><reference value="Observation/example-erregernachweis"/></reference><name value="example-erregernachweis"/><description value="Beispiel für Erregernachweis"/><exampleCanonical value="https://charite.de/fhir/erregerfall/StructureDefinition/sd-erregernachweis"/><groupingId value="-ex-example"/></resource><resource><extension url="http://hl7.org/fhir/StructureDefinition/implementationguide-page"><valueUri value="Observation-example-mre-klasse.html"/></extension><reference><reference value="Observation/example-mre-klasse"/></reference><name value="example-mre-klasse"/><description value="Beispiel MRE Klasse"/><exampleCanonical value="https://charite.de/fhir/erregerfall/StructureDefinition/sd-mre-klasse"/><groupingId value="-ex-example"/></resource><page><nameUrl value="toc.html"/><title value="Table of Contents"/><generation value="html"/><page><nameUrl value="index.html"/><title value="Home"/><generation value="markdown"/></page><page><nameUrl value="artifacts.html"/><title value="Artifacts Summary"/><generation value="html"/><page><nameUrl value="StructureDefinition-sd-erregerfall.html"/><title value="ErregerFall"/><generation value="generated"/></page><page><nameUrl value="StructureDefinition-sd-erregernachweis.html"/><title value="Profile - Erreger Nachweis"/><generation value="generated"/></page><page><nameUrl value="StructureDefinition-sd-mre-klasse.html"/><title value="Profile - MRE Klasse"/><generation value="generated"/></page><page><nameUrl value="ValueSet-ErregerStatus.html"/><title value="ErregerStatus"/><generation value="generated"/></page><page><nameUrl value="ValueSet-vs-detection-qualifier-snomed-ct.html"/><title value="VS Detection Qualifier [SNOMED CT]"/><generation value="generated"/></page><page><nameUrl value="ValueSet-vs-erreger-bakterien.html"/><title value="VS Erreger Bakterien"/><generation value="generated"/></page><page><nameUrl value="ValueSet-vs-erreger-pilze.html"/><title value="VS Erreger Pilze"/><generation value="generated"/></page><page><nameUrl value="ValueSet-vs-erreger-viren.html"/><title value="VS Erreger Viren"/><generation value="generated"/></page><page><nameUrl value="ValueSet-VS-Mikrobiologischer-Befund-MRE-Klasse.html"/><title value="VS Mikrobiologischer Befund MRE Klasse [LOINC, SNOMED CT]"/><generation value="generated"/></page><page><nameUrl value="DiagnosticReport-example-erregerfall-1.html"/><title value="example-erregerfall-1"/><generation value="generated"/></page><page><nameUrl value="Observation-example-erregernachweis.html"/><title value="example-erregernachweis"/><generation value="generated"/></page><page><nameUrl value="Observation-example-mre-klasse.html"/><title value="example-mre-klasse"/><generation value="generated"/></page></page></page><parameter><code value="path-resource"/><value value="input/capabilities"/></parameter><parameter><code value="path-resource"/><value value="input/examples"/></parameter><parameter><code value="path-resource"/><value value="input/extensions"/></parameter><parameter><code value="path-resource"/><value value="input/models"/></parameter><parameter><code value="path-resource"/><value value="input/operations"/></parameter><parameter><code value="path-resource"/><value value="input/profiles"/></parameter><parameter><code value="path-resource"/><value value="input/resources"/></parameter><parameter><code value="path-resource"/><value value="input/vocabulary"/></parameter><parameter><code value="path-resource"/><value value="input/maps"/></parameter><parameter><code value="path-resource"/><value value="input/testing"/></parameter><parameter><code value="path-resource"/><value value="input/history"/></parameter><parameter><code value="path-resource"/><value value="fsh-generated/resources"/></parameter><parameter><code value="path-pages"/><value value="template/config"/></parameter><parameter><code value="path-pages"/><value value="input/images"/></parameter><parameter><code value="path-tx-cache"/><value value="input-cache/txcache"/></parameter></definition></ImplementationGuide>