<?xml version="1.0" encoding="UTF-8"?><ValueSet xmlns="http://hl7.org/fhir"><id value="vs-erreger-status"/><text><status value="generated"/><div xmlns="http://www.w3.org/1999/xhtml"><ul><li>Include these codes as defined in <a href="http://www.snomed.org/"><code>http://snomed.info/sct</code></a><table class="none"><tr><td style="white-space:nowrap"><b>Code</b></td><td><b>Display</b></td></tr><tr><td><a href="http://snomed.info/id/10828004">10828004</a></td><td>Positive (qualifier value)</td></tr><tr><td><a href="http://snomed.info/id/260385009">260385009</a></td><td>Negative (qualifier value)</td></tr><tr><td><a href="http://snomed.info/id/410513005">410513005</a></td><td>In the past (qualifier value)</td></tr><tr><td><a href="http://snomed.info/id/24932003">24932003</a></td><td>Exposure to (contextual qualifier) (qualifier value)</td></tr><tr><td><a href="http://snomed.info/id/419099009">419099009</a></td><td>Dead (finding)</td></tr></table></li></ul></div></text><url value="https://charite.de/fhir/erregerfall/ValueSet/vs-erreger-status"/><version value="0.1.0"/><name value="VS_ErregerStatus"/><title value="ValueSet - ErregerStatus [SNOMED CT]"/><status value="active"/><date value="2022-06-16T21:59:32+00:00"/><publisher value="Berlin Institute of Health"/><contact><name value="Berlin Institute of Health"/><telecom><system value="url"/><value value="https://www.bihealth.org/"/></telecom></contact><description value="Das ValueSet enthält Codes für den Erregerstatus eines Patienten."/><compose><include><system value="http://snomed.info/sct"/><concept><code value="10828004"/><display value="Positive (qualifier value)"/></concept><concept><code value="260385009"/><display value="Negative (qualifier value)"/></concept><concept><code value="410513005"/><display value="In the past (qualifier value)"/></concept><concept><code value="24932003"/><display value="Exposure to (contextual qualifier) (qualifier value)"/></concept><concept><code value="419099009"/><display value="Dead (finding)"/></concept></include></compose></ValueSet>