<?xml version="1.0" encoding="UTF-8"?><ValueSet xmlns="http://hl7.org/fhir"><id value="vs-erreger-viren"/><text><status value="generated"/><div xmlns="http://www.w3.org/1999/xhtml"><ul><li>Include codes from <a href="http://www.snomed.org/"><code>http://snomed.info/sct</code></a> where concept  descends from  49872002 (Virus)</li></ul></div></text><url value="https://charite.de/fhir/erregerfall/ValueSet/vs-erreger-viren"/><version value="0.1.0"/><name value="VS_Erreger_Viren"/><title value="ValueSet - Erreger Viren [SNOMED CT]"/><status value="active"/><date value="2022-06-16T21:59:32+00:00"/><publisher value="Berlin Institute of Health"/><contact><name value="Berlin Institute of Health"/><telecom><system value="url"/><value value="https://www.bihealth.org/"/></telecom></contact><description value="Das ValueSet enthält Codes für Viren aus SNOMED CT."/><compose><include><system value="http://snomed.info/sct"/><filter><property value="concept"/><op value="descendent-of"/><value value="49872002"/></filter></include></compose></ValueSet>