<?xml version="1.0" encoding="UTF-8"?><ValueSet xmlns="http://hl7.org/fhir"><id value="vs-mikrobiologischer-befund-mre-klasse"/><text><status value="generated"/><div xmlns="http://www.w3.org/1999/xhtml"><p>This value set includes codes based on the following rules:</p><ul><li>Include these codes as defined in <a href="http://www.snomed.org/"><code>http://snomed.info/sct</code></a><table class="none"><tr><td style="white-space:nowrap"><b>Code</b></td><td><b>Display</b></td></tr><tr><td><a href="http://snomed.info/id/115329001">115329001</a></td><td>MRSA</td></tr><tr><td><a href="http://snomed.info/id/113727004">113727004</a></td><td>VRE</td></tr><tr><td><a href="http://snomed.info/id/838511009">838511009</a></td><td>LVRE</td></tr><tr><td><a href="http://snomed.info/id/838510005">838510005</a></td><td>LRE</td></tr></table></li><li>Include these codes as defined in <a href="http://loinc.org"><code>http://loinc.org</code></a><table class="none"><tr><td style="white-space:nowrap"><b>Code</b></td><td><b>Display</b></td></tr><tr><td><a href="http://details.loinc.org/LOINC/LA33214-0.html">LA33214-0</a></td><td>2MRGN</td></tr><tr><td><a href="http://details.loinc.org/LOINC/LA33215-7.html">LA33215-7</a></td><td>3MRGN</td></tr><tr><td><a href="http://details.loinc.org/LOINC/LA33216-5.html">LA33216-5</a></td><td>4MRGN</td></tr></table></li></ul></div></text><url value="https://charite.de/fhir/erregerfall/ValueSet/vs-mikrobiologischer-befund-mre-klasse"/><version value="0.1.0"/><name value="VS_Mikrobiologischer_Befund_MRE_Klasse"/><title value="ValueSet - Mikrobiologischer Befund MRE Klasse [LOINC, SNOMED CT]"/><status value="active"/><date value="2022-08-18T12:40:08+00:00"/><publisher value="Berlin Institute of Health"/><contact><name value="Berlin Institute of Health"/><telecom><system value="url"/><value value="https://www.bihealth.org/"/></telecom></contact><description value="Bezeichnungen für Klassen von Multiresistenten Erregern (MRE)."/><compose><include><system value="http://snomed.info/sct"/><concept><code value="115329001"/><display value="MRSA"/></concept><concept><code value="113727004"/><display value="VRE"/></concept><concept><code value="838511009"/><display value="LVRE"/></concept><concept><code value="838510005"/><display value="LRE"/></concept></include><include><system value="http://loinc.org"/><concept><code value="LA33214-0"/><display value="2MRGN"/></concept><concept><code value="LA33215-7"/><display value="3MRGN"/></concept><concept><code value="LA33216-5"/><display value="4MRGN"/></concept></include></compose></ValueSet>