<?xml version="1.0" encoding="UTF-8"?><ValueSet xmlns="http://hl7.org/fhir"><id value="vs-nicht-zaehlbar-grund"/><text><status value="generated"/><div xmlns="http://www.w3.org/1999/xhtml"><p>This value set includes codes based on the following rules:</p><ul><li>Include all codes defined in <a href="CodeSystem-cs-nicht-zaehlbar-grund.html"><code>https://charite.de/fhir/erregerfall/CodeSystem/cs-nicht-zaehlbar-grund</code></a></li><li>Include these codes as defined in <a href="http://www.snomed.org/"><code>http://snomed.info/sct</code></a><table class="none"><tr><td style="white-space:nowrap"><b>Code</b></td><td><b>Display</b></td></tr><tr><td><a href="http://snomed.info/id/281789004">281789004</a></td><td>Antibiotic therapy (procedure)</td></tr><tr><td><a href="http://snomed.info/id/74964007">74964007</a></td><td>other</td></tr></table></li></ul></div></text><url value="https://charite.de/fhir/erregerfall/ValueSet/vs-nicht-zaehlbar-grund"/><version value="0.1.0"/><name value="VS_Nicht_Zaehlbar_Grund"/><title value="VS Nicht Zaehlbar Grund"/><status value="active"/><date value="2022-08-25T08:38:52+00:00"/><publisher value="Berlin Institute of Health"/><contact><name value="Berlin Institute of Health"/><telecom><system value="url"/><value value="https://www.bihealth.org/"/></telecom></contact><description value="tbd"/><compose><include><system value="https://charite.de/fhir/erregerfall/CodeSystem/cs-nicht-zaehlbar-grund"/></include><include><system value="http://snomed.info/sct"/><concept><code value="281789004"/><display value="Antibiotic therapy (procedure)"/></concept><concept><code value="74964007"/><display value="other"/></concept></include></compose></ValueSet>