<?xml version="1.0" encoding="UTF-8"?><ValueSet xmlns="http://hl7.org/fhir"><id value="vs-erreger-bakterien"/><text><status value="generated"/><div xmlns="http://www.w3.org/1999/xhtml"><ul><li>Include codes from <a href="http://www.snomed.org/"><code>http://snomed.info/sct</code></a> where concept  descends from  409822003 (Domain Bacteria (organism))</li></ul></div></text><url value="https://charite.de/fhir/erregerfall/ValueSet/vs-erreger-bakterien"/><version value="0.1.0"/><name value="VS_Erreger_Bakterien"/><title value="ValueSet - Erreger Bakterien [SNOMED CT]"/><status value="active"/><date value="2022-06-16T21:59:32+00:00"/><publisher value="Berlin Institute of Health"/><contact><name value="Berlin Institute of Health"/><telecom><system value="url"/><value value="https://www.bihealth.org/"/></telecom></contact><description value="Das ValueSet enthält Codes für Bakterien aus SNOMED CT."/><compose><include><system value="http://snomed.info/sct"/><filter><property value="concept"/><op value="descendent-of"/><value value="409822003"/></filter></include></compose></ValueSet>