[
  {
    "id": "erreger.fall",
    "type": "ImplementationGuide",
    "url": "https://charite.de/fhir/erregerfall/ImplementationGuide/erreger.fall",
    "version": "0.1.0",
    "name": "ErregerFall"
  },
  {
    "id": "sd-erregerfall",
    "type": "StructureDefinition",
    "url": "https://charite.de/fhir/erregerfall/StructureDefinition/sd-erregerfall",
    "version": "0.1.0",
    "name": "Profil_ErregerFall"
  },
  {
    "id": "sd-erregernachweis",
    "type": "StructureDefinition",
    "url": "https://charite.de/fhir/erregerfall/StructureDefinition/sd-erregernachweis",
    "version": "0.1.0",
    "name": "Profil_ErregerNachweis"
  },
  {
    "id": "sd-mre-klasse",
    "type": "StructureDefinition",
    "url": "https://charite.de/fhir/erregerfall/StructureDefinition/sd-mre-klasse",
    "version": "0.1.0",
    "name": "Profil_MREKlasse"
  },
  {
    "id": "vs-erreger-bakterien",
    "type": "ValueSet",
    "url": "https://charite.de/fhir/erregerfall/ValueSet/vs-erreger-bakterien",
    "version": "0.1.0",
    "name": "VS_Erreger_Bakterien"
  },
  {
    "id": "vs-erreger-pilze",
    "type": "ValueSet",
    "url": "https://charite.de/fhir/erregerfall/ValueSet/vs-erreger-pilze",
    "version": "0.1.0",
    "name": "VS_Erreger_Pilze"
  },
  {
    "id": "vs-erreger-status",
    "type": "ValueSet",
    "url": "https://charite.de/fhir/erregerfall/ValueSet/vs-erreger-status",
    "version": "0.1.0",
    "name": "VS_ErregerStatus"
  },
  {
    "id": "vs-erreger-viren",
    "type": "ValueSet",
    "url": "https://charite.de/fhir/erregerfall/ValueSet/vs-erreger-viren",
    "version": "0.1.0",
    "name": "VS_Erreger_Viren"
  },
  {
    "id": "vs-erregernachweis-qualifier",
    "type": "ValueSet",
    "url": "https://charite.de/fhir/erregerfall/ValueSet/vs-erregernachweis-qualifier",
    "version": "0.1.0",
    "name": "VS_Erregernachweis_Qualifier"
  },
  {
    "id": "vs-mikrobiologischer-befund-mre-klasse",
    "type": "ValueSet",
    "url": "https://charite.de/fhir/erregerfall/ValueSet/vs-mikrobiologischer-befund-mre-klasse",
    "version": "0.1.0",
    "name": "VS_Mikrobiologischer_Befund_MRE_Klasse"
  }
]