<?xml version="1.0" encoding="UTF-8"?>

<Observation xmlns="http://hl7.org/fhir">
  <id value="example-mre-klasse"/>
  <meta>
    <profile value="https://charite.de/fhir/erregerfall/StructureDefinition/sd-mre-klasse"/>
  </meta>
  <text>
    <status value="generated"/><div xmlns="http://www.w3.org/1999/xhtml"><p><b>Generated Narrative</b></p><p><b>identifier</b>: Observation Instance Identifier: 59826-8_1234567890</p><p></p><p><b>category</b>: <span title="Codes: {http://loinc.org 18725-2}, {http://terminology.hl7.org/CodeSystem/observation-category laboratory}, {http://loinc.org 18725-2}">Microbiology studies (set)</span></p><p><b>code</b>: <span title="Codes: {http://loinc.org 99780-9}">Multidrug resistant gram-negative organism classification [Type]</span></p><p><b>subject</b>: <a href="https://simplifier.net/resolve?scope=de.medizininformatikinitiative.kerndatensatz.laborbefund@1.0.7-alpha1&amp;canonical=de.medizininformatikinitiative.kerndatensatz.laborbefund/Patient/example-patient">Patient/example-patient</a></p><p><b>effective</b>: 2022-05-31</p><p><b>value</b>: <span title="Codes: {http://snomed.info/sct 115329001}">MRSA</span></p></div>
  </text>
  <identifier>
    <type>
      <coding>
        <system value="http://terminology.hl7.org/CodeSystem/v2-0203"/>
        <code value="OBI"/>
      </coding>
      <coding>
        <system value="http://terminology.hl7.org/CodeSystem/v2-0203"/>
        <code value="OBI"/>
      </coding>
    </type>
    <system value="https://exmaple.org/fhir/sid/test-lab-results"/>
    <value value="59826-8_1234567890"/>
    <assigner>
      <reference value="Organization/example"/>
    </assigner>
  </identifier>
  <status value="final"/>
  <category>
    <coding>
      <system value="http://loinc.org"/>
      <code value="18725-2"/>
    </coding>
    <coding>
      <system value="http://terminology.hl7.org/CodeSystem/observation-category"/>
      <code value="laboratory"/>
    </coding>
    <coding>
      <system value="http://loinc.org"/>
      <code value="18725-2"/>
    </coding>
  </category>
  <code>
    <coding>
      <system value="http://loinc.org"/>
      <code value="99780-9"/>
    </coding>
  </code>
  <subject>
    <reference value="Patient/example-patient"/>
  </subject>
  <effectiveDateTime value="2022-05-31"/>
  <valueCodeableConcept>
    <coding>
      <system value="http://snomed.info/sct"/>
      <code value="115329001"/>
    </coding>
  </valueCodeableConcept>
</Observation>