{
  "resourceType": "Observation",
  "id": "example-mre-klasse-mrsa",
  "meta": {
    "profile": [
      "https://charite.de/fhir/erregerfall/StructureDefinition/sd-mre-klasse"
    ]
  },
  "text": {
    "status": "generated",
    "div": "<div xmlns=\"http://www.w3.org/1999/xhtml\"><p><b>Generated Narrative</b></p><div style=\"display: inline-block; background-color: #d9e0e7; padding: 6px; margin: 4px; border: 1px solid #8da1b4; border-radius: 5px; line-height: 60%\"><p style=\"margin-bottom: 0px\">Resource \"example-mre-klasse-mrsa\" </p><p style=\"margin-bottom: 0px\">Profile: <a href=\"StructureDefinition-sd-mre-klasse.html\">Profil - MRE Klasse</a></p></div><p><b>identifier</b>: Observation Instance Identifier: 59826-8_1234567890</p><p><b>status</b>: final</p><p><b>category</b>: Microbiology studies (set) <span style=\"background: LightGoldenRodYellow; margin: 4px; border: 1px solid khaki\"> (<a href=\"https://loinc.org/\">LOINC</a>#18725-2; <a href=\"http://terminology.hl7.org/3.1.0/CodeSystem-observation-category.html\">Observation Category Codes</a>#laboratory; <a href=\"https://loinc.org/\">LOINC</a>#18725-2)</span></p><p><b>code</b>: Multidrug resistant gram-negative organism classification [Type] <span style=\"background: LightGoldenRodYellow; margin: 4px; border: 1px solid khaki\"> (<a href=\"https://loinc.org/\">LOINC</a>#99780-9)</span></p><p><b>subject</b>: <a href=\"https://simplifier.net/resolve?scope=de.medizininformatikinitiative.kerndatensatz.laborbefund@1.0.7-alpha1&amp;canonical=de.medizininformatikinitiative.kerndatensatz.laborbefund/Patient/example\">Patient/example</a></p><p><b>effective</b>: 2022-05-31</p><p><b>value</b>: Methicillin resistant Staphylococcus aureus (organism) <span style=\"background: LightGoldenRodYellow; margin: 4px; border: 1px solid khaki\"> (<a href=\"https://browser.ihtsdotools.org/\">SNOMED CT</a>#115329001)</span></p></div>"
  },
  "identifier": [
    {
      "type": {
        "coding": [
          {
            "system": "http://terminology.hl7.org/CodeSystem/v2-0203",
            "code": "OBI"
          }
        ]
      },
      "system": "https://exmaple.org/fhir/sid/test-lab-results",
      "value": "59826-8_1234567890",
      "assigner": {
        "reference": "Organization/example"
      }
    }
  ],
  "status": "final",
  "category": [
    {
      "coding": [
        {
          "system": "http://loinc.org",
          "code": "18725-2",
          "display": "Microbiology studies (set)"
        },
        {
          "system": "http://terminology.hl7.org/CodeSystem/observation-category",
          "code": "laboratory"
        },
        {
          "system": "http://loinc.org",
          "code": "18725-2"
        }
      ]
    }
  ],
  "code": {
    "coding": [
      {
        "system": "http://loinc.org",
        "code": "99780-9",
        "display": "Multidrug resistant gram-negative organism classification [Type]"
      }
    ]
  },
  "subject": {
    "reference": "Patient/example"
  },
  "effectiveDateTime": "2022-05-31",
  "valueCodeableConcept": {
    "coding": [
      {
        "system": "http://snomed.info/sct",
        "code": "115329001",
        "display": "Methicillin resistant Staphylococcus aureus (organism)"
      }
    ]
  }
}