{
  "resourceType": "Observation",
  "id": "example-erregernachweis-mrsa",
  "meta": {
    "profile": [
      "https://charite.de/fhir/erregerfall/StructureDefinition/sd-erregernachweis"
    ]
  },
  "text": {
    "status": "generated",
    "div": "<div xmlns=\"http://www.w3.org/1999/xhtml\"><p><b>Generated Narrative: Observation</b></p><div style=\"display: inline-block; background-color: #d9e0e7; padding: 6px; margin: 4px; border: 1px solid #8da1b4; border-radius: 5px; line-height: 60%\"><p style=\"margin-bottom: 0px\">Resource Observation \"example-erregernachweis-mrsa\" </p><p style=\"margin-bottom: 0px\">Profile: <a href=\"StructureDefinition-sd-erregernachweis.html\">Profil - Erreger Nachweis</a></p></div><p><b>identifier</b>: Observation Instance Identifier: 59826-8_1234567890</p><p><b>status</b>: final</p><p><b>category</b>: Laboratory studies (set) <span style=\"background: LightGoldenRodYellow; margin: 4px; border: 1px solid khaki\"> (<a href=\"https://loinc.org/\">LOINC</a>#26436-6; <a href=\"http://terminology.hl7.org/3.1.0/CodeSystem-observation-category.html\">Observation Category Codes</a>#laboratory; <a href=\"https://loinc.org/\">LOINC</a>#18725-2)</span></p><p><b>code</b>: Microorganism identified in Specimen by Culture <span style=\"background: LightGoldenRodYellow; margin: 4px; border: 1px solid khaki\"> (<a href=\"https://loinc.org/\">LOINC</a>#11475-1)</span></p><p><b>subject</b>: <a href=\"https://simplifier.net/resolve?scope=de.medizininformatikinitiative.kerndatensatz.laborbefund@1.0.7-alpha1&amp;canonical=de.medizininformatikinitiative.kerndatensatz.laborbefund/Patient/example\">Patient/example</a></p><p><b>effective</b>: 2022-05-31</p><p><b>value</b>: Detected (qualifier value) <span style=\"background: LightGoldenRodYellow; margin: 4px; border: 1px solid khaki\"> (<a href=\"https://browser.ihtsdotools.org/\">SNOMED CT</a>#260373001)</span></p><p><b>specimen</b>: <a href=\"https://simplifier.net/resolve?scope=de.medizininformatikinitiative.kerndatensatz.laborbefund@1.0.7-alpha1&amp;canonical=de.medizininformatikinitiative.kerndatensatz.laborbefund/Specimen/example\">Specimen/example</a></p><blockquote><p><b>component</b></p><p><b>code</b>: Bacteria identified in Specimen by Culture <span style=\"background: LightGoldenRodYellow; margin: 4px; border: 1px solid khaki\"> (<a href=\"https://loinc.org/\">LOINC</a>#6463-4)</span></p><p><b>value</b>: Methicillin resistant Staphylococcus aureus (organism) <span style=\"background: LightGoldenRodYellow; margin: 4px; border: 1px solid khaki\"> (<a href=\"https://browser.ihtsdotools.org/\">SNOMED CT</a>#115329001)</span></p></blockquote><blockquote><p><b>component</b></p><p><b>code</b>: Date of first infection onset <span style=\"background: LightGoldenRodYellow; margin: 4px; border: 1px solid khaki\"> (<a href=\"https://loinc.org/\">LOINC</a>#99350-1)</span></p><p><b>value</b>: 2022-05-31</p></blockquote><blockquote><p><b>component</b></p><p><b>code</b>: Setting of exposure to illness <span style=\"background: LightGoldenRodYellow; margin: 4px; border: 1px solid khaki\"> (<a href=\"https://loinc.org/\">LOINC</a>#81267-7)</span></p><p><b>value</b>: CBF Station 12</p></blockquote></div>"
  },
  "identifier": [
    {
      "type": {
        "coding": [
          {
            "system": "http://terminology.hl7.org/CodeSystem/v2-0203",
            "code": "OBI"
          }
        ]
      },
      "system": "https://www.charite.de/fhir/sid/lab-tests",
      "value": "59826-8_1234567890",
      "assigner": {
        "reference": "Organization/charite"
      }
    }
  ],
  "status": "final",
  "category": [
    {
      "coding": [
        {
          "system": "http://loinc.org",
          "code": "26436-6"
        },
        {
          "system": "http://terminology.hl7.org/CodeSystem/observation-category",
          "code": "laboratory"
        },
        {
          "system": "http://loinc.org",
          "code": "18725-2"
        }
      ]
    }
  ],
  "code": {
    "coding": [
      {
        "system": "http://loinc.org",
        "code": "11475-1"
      }
    ]
  },
  "subject": {
    "reference": "Patient/example"
  },
  "effectiveDateTime": "2022-05-31",
  "valueCodeableConcept": {
    "coding": [
      {
        "system": "http://snomed.info/sct",
        "code": "260373001",
        "display": "Detected (qualifier value)"
      }
    ]
  },
  "specimen": {
    "reference": "Specimen/example"
  },
  "component": [
    {
      "code": {
        "coding": [
          {
            "system": "http://loinc.org",
            "code": "6463-4",
            "display": "Bacteria identified in Specimen by Culture"
          }
        ]
      },
      "valueCodeableConcept": {
        "coding": [
          {
            "system": "http://snomed.info/sct",
            "code": "115329001",
            "display": "Methicillin resistant Staphylococcus aureus (organism)"
          }
        ]
      }
    },
    {
      "code": {
        "coding": [
          {
            "system": "http://loinc.org",
            "code": "99350-1",
            "display": "Date of first infection onset"
          }
        ]
      },
      "valueDateTime": "2022-05-31"
    },
    {
      "code": {
        "coding": [
          {
            "system": "http://loinc.org",
            "code": "81267-7",
            "display": "Setting of exposure to illness"
          }
        ]
      },
      "valueString": "CBF Station 12"
    }
  ]
}