<?xml version="1.0" encoding="UTF-8"?>

<ServiceRequest xmlns="http://hl7.org/fhir">
  <id value="example-fragestellung"/>
  <meta>
    <profile value="https://charite.de/fhir/erregerfall/StructureDefinition/untersuchungsauftrag"/>
  </meta>
  <text>
    <status value="generated"/><div xmlns="http://www.w3.org/1999/xhtml"><p><b>Generated Narrative: ServiceRequest</b></p><div style="display: inline-block; background-color: #d9e0e7; padding: 6px; margin: 4px; border: 1px solid #8da1b4; border-radius: 5px; line-height: 60%"><p style="margin-bottom: 0px">Resource ServiceRequest "example-fragestellung" </p><p style="margin-bottom: 0px">Profile: <a href="StructureDefinition-untersuchungsauftrag.html">Untersuchungsauftrag</a></p></div><p><b>identifier</b>: Placer Identifier: 1234567890</p><p><b>status</b>: completed</p><p><b>intent</b>: order</p><p><b>category</b>: Laboratory <span style="background: LightGoldenRodYellow; margin: 4px; border: 1px solid khaki"> (<a href="http://terminology.hl7.org/3.1.0/CodeSystem-observation-category.html">Observation Category Codes</a>#laboratory)</span></p><p><b>code</b>: Staphylococcus aureus capsular polysaccharide enzyme cpe gene [Presence] in Nose by NAA with probe detection <span style="background: LightGoldenRodYellow; margin: 4px; border: 1px solid khaki"> (<a href="https://loinc.org/">LOINC</a>#79447-9)</span></p><p><b>subject</b>: <a href="https://simplifier.net/resolve?scope=de.medizininformatikinitiative.kerndatensatz.laborbefund@1.0.7-alpha1&amp;canonical=de.medizininformatikinitiative.kerndatensatz.laborbefund/Patient/example-patient">Patient/example-patient</a></p><p><b>authoredOn</b>: 2021-01-01</p><p><b>reasonCode</b>: MRSA <span style="background: LightGoldenRodYellow; margin: 4px; border: 1px solid khaki"> (<a href="https://browser.ihtsdotools.org/">SNOMED CT</a>#115329001 "Methicillin resistant Staphylococcus aureus (organism)")</span></p></div>
  </text>
  <identifier>
    <type>
      <coding>
        <system value="http://terminology.hl7.org/CodeSystem/v2-0203"/>
        <code value="PLAC"/>
      </coding>
    </type>
    <system value="https://www.charite.de/fhir/sid/anforderung-lab-identifier"/>
    <value value="1234567890"/>
    <assigner>
      <reference value="Organization/Charite"/>
    </assigner>
  </identifier>
  <status value="completed"/>
  <intent value="order"/>
  <category>
    <coding>
      <system value="http://terminology.hl7.org/CodeSystem/observation-category"/>
      <code value="laboratory"/>
    </coding>
  </category>
  <code>
    <coding>
      <system value="http://loinc.org"/>
      <code value="79447-9"/>
    </coding>
  </code>
  <subject>
    <reference value="Patient/example-patient"/>
  </subject>
  <authoredOn value="2021-01-01"/>
  <reasonCode>
    <coding>
      <system value="http://snomed.info/sct"/>
      <code value="115329001"/>
      <display value="Methicillin resistant Staphylococcus aureus (organism)"/>
    </coding>
    <text value="MRSA"/>
  </reasonCode>
</ServiceRequest>