{
  "resourceType": "ValueSet",
  "id": "vs-abstrichserie-ergbenis",
  "text": {
    "status": "generated",
    "div": "<div xmlns=\"http://www.w3.org/1999/xhtml\"><ul><li>Include these codes as defined in <a href=\"http://www.snomed.org/\"><code>http://snomed.info/sct</code></a><table class=\"none\"><tr><td style=\"white-space:nowrap\"><b>Code</b></td><td><b>Display</b></td></tr><tr><td><a href=\"http://snomed.info/id/10828004\">10828004</a></td><td>Positive (qualifier value)</td></tr><tr><td><a href=\"http://snomed.info/id/260405006\">260405006</a></td><td>Trace (qualifier value)</td></tr><tr><td><a href=\"http://snomed.info/id/260385009\">260385009</a></td><td>Negative (qualifier value)</td></tr><tr><td><a href=\"http://snomed.info/id/260415000\">260415000</a></td><td>Not detected (qualifier value)</td></tr></table></li></ul></div>"
  },
  "url": "https://charite.de/fhir/erregerfall/ValueSet/vs-abstrichserie-ergbenis",
  "version": "0.1.0",
  "name": "VS_Abstrichserie_Ergebnis",
  "title": "ValueSet - Abstrichserie Ergebnis [SNOMED CT]",
  "status": "active",
  "date": "2022-08-18T13:03:54+00:00",
  "publisher": "Berlin Institute of Health",
  "contact": [
    {
      "name": "Berlin Institute of Health",
      "telecom": [
        {
          "system": "url",
          "value": "https://www.bihealth.org/"
        }
      ]
    }
  ],
  "description": "Das ValueSet enthält Codes für Ergebnisse einer Abstrichserie.",
  "compose": {
    "include": [
      {
        "system": "http://snomed.info/sct",
        "concept": [
          {
            "code": "10828004",
            "display": "Positive (qualifier value)"
          },
          {
            "code": "260405006",
            "display": "Trace (qualifier value)"
          },
          {
            "code": "260385009",
            "display": "Negative (qualifier value)"
          },
          {
            "code": "260415000",
            "display": "Not detected (qualifier value)"
          }
        ]
      }
    ]
  }
}