<?xml version="1.0" encoding="UTF-8"?>

<ValueSet xmlns="http://hl7.org/fhir">
  <id value="vs-detection-qualifier-snomed-ct"/>
  <text>
    <status value="generated"/><div xmlns="http://www.w3.org/1999/xhtml"><ul><li>Include these codes as defined in <a href="http://www.snomed.org/"><code>http://snomed.info/sct</code></a><table class="none"><tr><td style="white-space:nowrap"><b>Code</b></td><td><b>Display</b></td></tr><tr><td><a href="http://snomed.info/id/260373001">260373001</a></td><td>Detected (qualifier value)</td></tr><tr><td><a href="http://snomed.info/id/260415000">260415000</a></td><td>Not detected (qualifier value)</td></tr><tr><td><a href="http://snomed.info/id/419984006">419984006</a></td><td>Inconclusive (qualifier value)</td></tr></table></li></ul></div>
  </text>
  <url value="https://charite.de/fhir/erregerfall/ValueSet/vs-detection-qualifier-snomed-ct"/>
  <version value="0.1.0"/>
  <name value="VS_Detection_Qualifier_SNOMED_CT"/>
  <title value="VS Detection Qualifier [SNOMED CT]"/>
  <status value="active"/>
  <date value="2022-06-16T13:52:14+00:00"/>
  <publisher value="Berlin Institute of Health"/>
  <contact>
    <name value="Berlin Institute of Health"/>
    <telecom>
      <system value="url"/>
      <value value="https://www.bihealth.org/"/>
    </telecom>
  </contact>
  <description value="A set of codes representing the result of a test as detected, not detected, or inconclusive."/>
  <compose>
    <include>
      <system value="http://snomed.info/sct"/>
      <concept>
        <code value="260373001"/>
        <display value="Detected (qualifier value)"/>
      </concept>
      <concept>
        <code value="260415000"/>
        <display value="Not detected (qualifier value)"/>
      </concept>
      <concept>
        <code value="419984006"/>
        <display value="Inconclusive (qualifier value)"/>
      </concept>
    </include>
  </compose>
</ValueSet>