{
  "resourceType": "ValueSet",
  "id": "VS-Mikrobiologischer-Befund-MRE-Klasse",
  "text": {
    "status": "generated",
    "div": "<div xmlns=\"http://www.w3.org/1999/xhtml\"><p>This value set includes codes based on the following rules:</p><ul><li>Include these codes as defined in <a href=\"http://www.snomed.org/\"><code>http://snomed.info/sct</code></a><table class=\"none\"><tr><td style=\"white-space:nowrap\"><b>Code</b></td><td><b>Display</b></td></tr><tr><td><a href=\"http://snomed.info/id/115329001\">115329001</a></td><td>MRSA</td></tr><tr><td><a href=\"http://snomed.info/id/113727004\">113727004</a></td><td>VRE</td></tr><tr><td><a href=\"http://snomed.info/id/838511009\">838511009</a></td><td>LVRE</td></tr><tr><td><a href=\"http://snomed.info/id/838510005\">838510005</a></td><td>LRE</td></tr></table></li><li>Include these codes as defined in <a href=\"http://loinc.org\"><code>http://loinc.org</code></a><table class=\"none\"><tr><td style=\"white-space:nowrap\"><b>Code</b></td><td><b>Display</b></td></tr><tr><td><a href=\"http://details.loinc.org/LOINC/LA33214-0.html\">LA33214-0</a></td><td>2MRGN</td></tr><tr><td><a href=\"http://details.loinc.org/LOINC/LA33215-7.html\">LA33215-7</a></td><td>3MRGN</td></tr><tr><td><a href=\"http://details.loinc.org/LOINC/LA33216-5.html\">LA33216-5</a></td><td>4MRGN</td></tr></table></li></ul></div>"
  },
  "url": "https://charite.de/fhir/erregerfall/ValueSet/VS-Mikrobiologischer-Befund-MRE-Klasse",
  "version": "0.1.0",
  "name": "VS_Mikrobiologischer_Befund_MRE_Klasse_LOINC_SNOMED_CT",
  "title": "VS Mikrobiologischer Befund MRE Klasse [LOINC, SNOMED CT]",
  "status": "active",
  "date": "2022-06-16T13:52:14+00:00",
  "publisher": "Berlin Institute of Health",
  "contact": [
    {
      "name": "Berlin Institute of Health",
      "telecom": [
        {
          "system": "url",
          "value": "https://www.bihealth.org/"
        }
      ]
    }
  ],
  "description": "Bezeichnungen für Klassen von Multiresistenten Erregern (MRE).",
  "compose": {
    "include": [
      {
        "system": "http://snomed.info/sct",
        "concept": [
          {
            "code": "115329001",
            "display": "MRSA"
          },
          {
            "code": "113727004",
            "display": "VRE"
          },
          {
            "code": "838511009",
            "display": "LVRE"
          },
          {
            "code": "838510005",
            "display": "LRE"
          }
        ]
      },
      {
        "system": "http://loinc.org",
        "concept": [
          {
            "code": "LA33214-0",
            "display": "2MRGN"
          },
          {
            "code": "LA33215-7",
            "display": "3MRGN"
          },
          {
            "code": "LA33216-5",
            "display": "4MRGN"
          }
        ]
      }
    ]
  }
}