{"resourceType":"CodeSystem","id":"cs-nicht-zaehlbar-grund","text":{"status":"generated","div":"<div xmlns=\"http://www.w3.org/1999/xhtml\"><p>This code system https://charite.de/fhir/erregerfall/CodeSystem/cs-nicht-zaehlbar-grund defines the following codes:</p><table class=\"codes\"><tr><td style=\"white-space:nowrap\"><b>Code</b></td><td><b>Display</b></td></tr><tr><td style=\"white-space:nowrap\">keine-relevanz<a name=\"cs-nicht-zaehlbar-grund-keine-relevanz\"> </a></td><td>Keine Relevanz</td></tr><tr><td style=\"white-space:nowrap\">dekolonisation<a name=\"cs-nicht-zaehlbar-grund-dekolonisation\"> </a></td><td>Dekolonisation</td></tr><tr><td style=\"white-space:nowrap\">abstand-zu-kurz<a name=\"cs-nicht-zaehlbar-grund-abstand-zu-kurz\"> </a></td><td>Abstand zu kurz</td></tr></table></div>"},"url":"https://charite.de/fhir/erregerfall/CodeSystem/cs-nicht-zaehlbar-grund","version":"0.1.0","name":"CS_Nicht_Zaehlbar_Grund","title":"CS Nicht Zaehlbar Grund","status":"active","date":"2022-08-18T12:42:22+00:00","publisher":"Berlin Institute of Health","contact":[{"name":"Berlin Institute of Health","telecom":[{"system":"url","value":"https://www.bihealth.org/"}]}],"description":"tbd","content":"complete","count":3,"concept":[{"code":"keine-relevanz","display":"Keine Relevanz"},{"code":"dekolonisation","display":"Dekolonisation"},{"code":"abstand-zu-kurz","display":"Abstand zu kurz"}]}