{"resourceType":"ImplementationGuide","id":"erreger.fall","text":{"status":"extensions","div":"<div xmlns=\"http://www.w3.org/1999/xhtml\"><h2>ErregerFall</h2><p>The official URL for this implementation guide is: </p><pre>https://charite.de/fhir/erregerfall/ImplementationGuide/erreger.fall</pre></div>"},"url":"https://charite.de/fhir/erregerfall/ImplementationGuide/erreger.fall","version":"0.1.0","name":"ErregerFall","status":"draft","date":"2022-06-16T13:52:14+00:00","publisher":"Berlin Institute of Health","contact":[{"name":"Berlin Institute of Health","telecom":[{"system":"url","value":"https://www.bihealth.org/"}]}],"packageId":"erreger.fall","license":"CC0-1.0","fhirVersion":["4.0.1"],"dependsOn":[{"id":"hl7tx","uri":"http://terminology.hl7.org/ImplementationGuide/hl7.terminology","packageId":"hl7.terminology.r4","version":"3.1.0"},{"id":"de_medizininformatikinitiative_kerndatensatz_laborbefund","uri":"de.medizininformatikinitiative.kerndatensatz.laborbefund","packageId":"de.medizininformatikinitiative.kerndatensatz.laborbefund","version":"1.0.7-alpha1"},{"id":"de_medizininformatikinitiative_kerndatensatz_biobank","uri":"de.medizininformatikinitiative.kerndatensatz.biobank","packageId":"de.medizininformatikinitiative.kerndatensatz.biobank","version":"1.0.0"}],"definition":{"extension":[{"extension":[{"url":"code","valueString":"copyrightyear"},{"url":"value","valueString":"2022+"}],"url":"http://hl7.org/fhir/tools/StructureDefinition/ig-parameter"},{"extension":[{"url":"code","valueString":"releaselabel"},{"url":"value","valueString":"ci-build"}],"url":"http://hl7.org/fhir/tools/StructureDefinition/ig-parameter"},{"extension":[{"url":"code","valueString":"path-liquid"},{"url":"value","valueString":"template/liquid"}],"url":"http://hl7.org/fhir/tools/StructureDefinition/ig-parameter"},{"extension":[{"url":"code","valueString":"path-liquid"},{"url":"value","valueString":"input/liquid"}],"url":"http://hl7.org/fhir/tools/StructureDefinition/ig-parameter"},{"extension":[{"url":"code","valueString":"path-qa"},{"url":"value","valueString":"temp/qa"}],"url":"http://hl7.org/fhir/tools/StructureDefinition/ig-parameter"},{"extension":[{"url":"code","valueString":"path-temp"},{"url":"value","valueString":"temp/pages"}],"url":"http://hl7.org/fhir/tools/StructureDefinition/ig-parameter"},{"extension":[{"url":"code","valueString":"path-output"},{"url":"value","valueString":"output"}],"url":"http://hl7.org/fhir/tools/StructureDefinition/ig-parameter"},{"extension":[{"url":"code","valueString":"path-suppressed-warnings"},{"url":"value","valueString":"input/ignoreWarnings.txt"}],"url":"http://hl7.org/fhir/tools/StructureDefinition/ig-parameter"},{"extension":[{"url":"code","valueString":"path-history"},{"url":"value","valueString":"https://charite.de/fhir/erregerfall/history.html"}],"url":"http://hl7.org/fhir/tools/StructureDefinition/ig-parameter"},{"extension":[{"url":"code","valueString":"template-html"},{"url":"value","valueString":"template-page.html"}],"url":"http://hl7.org/fhir/tools/StructureDefinition/ig-parameter"},{"extension":[{"url":"code","valueString":"template-md"},{"url":"value","valueString":"template-page-md.html"}],"url":"http://hl7.org/fhir/tools/StructureDefinition/ig-parameter"},{"extension":[{"url":"code","valueString":"apply-contact"},{"url":"value","valueString":"true"}],"url":"http://hl7.org/fhir/tools/StructureDefinition/ig-parameter"},{"extension":[{"url":"code","valueString":"apply-context"},{"url":"value","valueString":"true"}],"url":"http://hl7.org/fhir/tools/StructureDefinition/ig-parameter"},{"extension":[{"url":"code","valueString":"apply-copyright"},{"url":"value","valueString":"true"}],"url":"http://hl7.org/fhir/tools/StructureDefinition/ig-parameter"},{"extension":[{"url":"code","valueString":"apply-jurisdiction"},{"url":"value","valueString":"true"}],"url":"http://hl7.org/fhir/tools/StructureDefinition/ig-parameter"},{"extension":[{"url":"code","valueString":"apply-license"},{"url":"value","valueString":"true"}],"url":"http://hl7.org/fhir/tools/StructureDefinition/ig-parameter"},{"extension":[{"url":"code","valueString":"apply-publisher"},{"url":"value","valueString":"true"}],"url":"http://hl7.org/fhir/tools/StructureDefinition/ig-parameter"},{"extension":[{"url":"code","valueString":"apply-version"},{"url":"value","valueString":"true"}],"url":"http://hl7.org/fhir/tools/StructureDefinition/ig-parameter"},{"extension":[{"url":"code","valueString":"active-tables"},{"url":"value","valueString":"true"}],"url":"http://hl7.org/fhir/tools/StructureDefinition/ig-parameter"},{"extension":[{"url":"code","valueString":"fmm-definition"},{"url":"value","valueString":"http://hl7.org/fhir/versions.html#maturity"}],"url":"http://hl7.org/fhir/tools/StructureDefinition/ig-parameter"},{"extension":[{"url":"code","valueString":"propagate-status"},{"url":"value","valueString":"true"}],"url":"http://hl7.org/fhir/tools/StructureDefinition/ig-parameter"},{"extension":[{"url":"code","valueString":"excludelogbinaryformat"},{"url":"value","valueString":"true"}],"url":"http://hl7.org/fhir/tools/StructureDefinition/ig-parameter"}],"grouping":[{"id":"-str-profile","name":"Structures: Resource Profiles","description":"These define constraints on FHIR resources for systems conforming to this implementation guide"},{"id":"-term-valueset","name":"Terminology: Value Sets","description":"These define sets of codes used by systems conforming to this implementation guide"},{"id":"-ex-example","name":"Example: Example Instances","description":"These are example instances that show what data produced and consumed by systems conforming with this implementation guide might look like"}],"resource":[{"extension":[{"url":"http://hl7.org/fhir/StructureDefinition/implementationguide-page","valueUri":"StructureDefinition-sd-erregerfall.html"}],"reference":{"reference":"StructureDefinition/sd-erregerfall"},"name":"ErregerFall","description":"tbd","exampleBoolean":false,"groupingId":"-str-profile"},{"extension":[{"url":"http://hl7.org/fhir/StructureDefinition/implementationguide-page","valueUri":"StructureDefinition-sd-erregernachweis.html"}],"reference":{"reference":"StructureDefinition/sd-erregernachweis"},"name":"Profile - Erreger Nachweis","exampleBoolean":false,"groupingId":"-str-profile"},{"extension":[{"url":"http://hl7.org/fhir/StructureDefinition/implementationguide-page","valueUri":"StructureDefinition-sd-mre-klasse.html"}],"reference":{"reference":"StructureDefinition/sd-mre-klasse"},"name":"Profile - MRE Klasse","exampleBoolean":false,"groupingId":"-str-profile"},{"extension":[{"url":"http://hl7.org/fhir/StructureDefinition/implementationguide-page","valueUri":"ValueSet-ErregerStatus.html"}],"reference":{"reference":"ValueSet/ErregerStatus"},"name":"ErregerStatus","description":"tbd","exampleBoolean":false,"groupingId":"-term-valueset"},{"extension":[{"url":"http://hl7.org/fhir/StructureDefinition/implementationguide-page","valueUri":"ValueSet-vs-detection-qualifier-snomed-ct.html"}],"reference":{"reference":"ValueSet/vs-detection-qualifier-snomed-ct"},"name":"VS Detection Qualifier [SNOMED CT]","description":"A set of codes representing the result of a test as detected, not detected, or inconclusive.","exampleBoolean":false,"groupingId":"-term-valueset"},{"extension":[{"url":"http://hl7.org/fhir/StructureDefinition/implementationguide-page","valueUri":"ValueSet-vs-erreger-bakterien.html"}],"reference":{"reference":"ValueSet/vs-erreger-bakterien"},"name":"VS Erreger Bakterien","description":"tbd","exampleBoolean":false,"groupingId":"-term-valueset"},{"extension":[{"url":"http://hl7.org/fhir/StructureDefinition/implementationguide-page","valueUri":"ValueSet-vs-erreger-pilze.html"}],"reference":{"reference":"ValueSet/vs-erreger-pilze"},"name":"VS Erreger Pilze","description":"tbd","exampleBoolean":false,"groupingId":"-term-valueset"},{"extension":[{"url":"http://hl7.org/fhir/StructureDefinition/implementationguide-page","valueUri":"ValueSet-vs-erreger-viren.html"}],"reference":{"reference":"ValueSet/vs-erreger-viren"},"name":"VS Erreger Viren","description":"tbd","exampleBoolean":false,"groupingId":"-term-valueset"},{"extension":[{"url":"http://hl7.org/fhir/StructureDefinition/implementationguide-page","valueUri":"ValueSet-VS-Mikrobiologischer-Befund-MRE-Klasse.html"}],"reference":{"reference":"ValueSet/VS-Mikrobiologischer-Befund-MRE-Klasse"},"name":"VS Mikrobiologischer Befund MRE Klasse [LOINC, SNOMED CT]","description":"Bezeichnungen für Klassen von Multiresistenten Erregern (MRE).","exampleBoolean":false,"groupingId":"-term-valueset"},{"extension":[{"url":"http://hl7.org/fhir/StructureDefinition/implementationguide-page","valueUri":"DiagnosticReport-example-erregerfall-1.html"}],"reference":{"reference":"DiagnosticReport/example-erregerfall-1"},"name":"example-erregerfall-1","description":"Beispiel eines Erregerfalls","exampleCanonical":"https://charite.de/fhir/erregerfall/StructureDefinition/sd-erregerfall","groupingId":"-ex-example"},{"extension":[{"url":"http://hl7.org/fhir/StructureDefinition/implementationguide-page","valueUri":"Observation-example-erregernachweis.html"}],"reference":{"reference":"Observation/example-erregernachweis"},"name":"example-erregernachweis","description":"Beispiel für Erregernachweis","exampleCanonical":"https://charite.de/fhir/erregerfall/StructureDefinition/sd-erregernachweis","groupingId":"-ex-example"},{"extension":[{"url":"http://hl7.org/fhir/StructureDefinition/implementationguide-page","valueUri":"Observation-example-mre-klasse.html"}],"reference":{"reference":"Observation/example-mre-klasse"},"name":"example-mre-klasse","description":"Beispiel MRE Klasse","exampleCanonical":"https://charite.de/fhir/erregerfall/StructureDefinition/sd-mre-klasse","groupingId":"-ex-example"}],"page":{"nameUrl":"toc.html","title":"Table of Contents","generation":"html","page":[{"nameUrl":"index.html","title":"Home","generation":"markdown"},{"nameUrl":"artifacts.html","title":"Artifacts Summary","generation":"html","page":[{"nameUrl":"StructureDefinition-sd-erregerfall.html","title":"ErregerFall","generation":"generated"},{"nameUrl":"StructureDefinition-sd-erregernachweis.html","title":"Profile - Erreger Nachweis","generation":"generated"},{"nameUrl":"StructureDefinition-sd-mre-klasse.html","title":"Profile - MRE Klasse","generation":"generated"},{"nameUrl":"ValueSet-ErregerStatus.html","title":"ErregerStatus","generation":"generated"},{"nameUrl":"ValueSet-vs-detection-qualifier-snomed-ct.html","title":"VS Detection Qualifier [SNOMED CT]","generation":"generated"},{"nameUrl":"ValueSet-vs-erreger-bakterien.html","title":"VS Erreger Bakterien","generation":"generated"},{"nameUrl":"ValueSet-vs-erreger-pilze.html","title":"VS Erreger Pilze","generation":"generated"},{"nameUrl":"ValueSet-vs-erreger-viren.html","title":"VS Erreger Viren","generation":"generated"},{"nameUrl":"ValueSet-VS-Mikrobiologischer-Befund-MRE-Klasse.html","title":"VS Mikrobiologischer Befund MRE Klasse [LOINC, SNOMED CT]","generation":"generated"},{"nameUrl":"DiagnosticReport-example-erregerfall-1.html","title":"example-erregerfall-1","generation":"generated"},{"nameUrl":"Observation-example-erregernachweis.html","title":"example-erregernachweis","generation":"generated"},{"nameUrl":"Observation-example-mre-klasse.html","title":"example-mre-klasse","generation":"generated"}]}]},"parameter":[{"code":"path-resource","value":"input/capabilities"},{"code":"path-resource","value":"input/examples"},{"code":"path-resource","value":"input/extensions"},{"code":"path-resource","value":"input/models"},{"code":"path-resource","value":"input/operations"},{"code":"path-resource","value":"input/profiles"},{"code":"path-resource","value":"input/resources"},{"code":"path-resource","value":"input/vocabulary"},{"code":"path-resource","value":"input/maps"},{"code":"path-resource","value":"input/testing"},{"code":"path-resource","value":"input/history"},{"code":"path-resource","value":"fsh-generated/resources"},{"code":"path-pages","value":"template/config"},{"code":"path-pages","value":"input/images"},{"code":"path-tx-cache","value":"input-cache/txcache"}]}}