{"resourceType":"ImplementationGuide","id":"erreger.fall","text":{"status":"extensions","div":"<div xmlns=\"http://www.w3.org/1999/xhtml\"><h2>ErregerFall</h2><p>The official URL for this implementation guide is: </p><pre>https://charite.de/fhir/erregerfall/ImplementationGuide/erreger.fall</pre><div><p>Profile für die Use Cases Erreger-Fall und Abstrichserie</p>\n</div></div>"},"url":"https://charite.de/fhir/erregerfall/ImplementationGuide/erreger.fall","version":"0.1.0","name":"ErregerFall","title":"ErregerFall","status":"draft","date":"2022-07-06T12:38:37+00:00","publisher":"Berlin Institute of Health","contact":[{"name":"Berlin Institute of Health","telecom":[{"system":"url","value":"https://www.bihealth.org/"}]}],"description":"Profile für die Use Cases Erreger-Fall und Abstrichserie","packageId":"erreger.fall","license":"CC0-1.0","fhirVersion":["4.0.1"],"dependsOn":[{"id":"hl7tx","uri":"http://terminology.hl7.org/ImplementationGuide/hl7.terminology","packageId":"hl7.terminology.r4","version":"3.1.0"},{"id":"de_medizininformatikinitiative_kerndatensatz_laborbefund","uri":"de.medizininformatikinitiative.kerndatensatz.laborbefund","packageId":"de.medizininformatikinitiative.kerndatensatz.laborbefund","version":"1.0.7-alpha1"},{"id":"de_medizininformatikinitiative_kerndatensatz_biobank","uri":"de.medizininformatikinitiative.kerndatensatz.biobank","packageId":"de.medizininformatikinitiative.kerndatensatz.biobank","version":"1.0.1"}],"definition":{"extension":[{"extension":[{"url":"code","valueString":"copyrightyear"},{"url":"value","valueString":"2022+"}],"url":"http://hl7.org/fhir/tools/StructureDefinition/ig-parameter"},{"extension":[{"url":"code","valueString":"releaselabel"},{"url":"value","valueString":"ci-build"}],"url":"http://hl7.org/fhir/tools/StructureDefinition/ig-parameter"},{"extension":[{"url":"code","valueString":"path-liquid"},{"url":"value","valueString":"template/liquid"}],"url":"http://hl7.org/fhir/tools/StructureDefinition/ig-parameter"},{"extension":[{"url":"code","valueString":"path-liquid"},{"url":"value","valueString":"input/liquid"}],"url":"http://hl7.org/fhir/tools/StructureDefinition/ig-parameter"},{"extension":[{"url":"code","valueString":"path-qa"},{"url":"value","valueString":"temp/qa"}],"url":"http://hl7.org/fhir/tools/StructureDefinition/ig-parameter"},{"extension":[{"url":"code","valueString":"path-temp"},{"url":"value","valueString":"temp/pages"}],"url":"http://hl7.org/fhir/tools/StructureDefinition/ig-parameter"},{"extension":[{"url":"code","valueString":"path-output"},{"url":"value","valueString":"output"}],"url":"http://hl7.org/fhir/tools/StructureDefinition/ig-parameter"},{"extension":[{"url":"code","valueString":"path-suppressed-warnings"},{"url":"value","valueString":"input/ignoreWarnings.txt"}],"url":"http://hl7.org/fhir/tools/StructureDefinition/ig-parameter"},{"extension":[{"url":"code","valueString":"path-history"},{"url":"value","valueString":"https://charite.de/fhir/erregerfall/history.html"}],"url":"http://hl7.org/fhir/tools/StructureDefinition/ig-parameter"},{"extension":[{"url":"code","valueString":"template-html"},{"url":"value","valueString":"template-page.html"}],"url":"http://hl7.org/fhir/tools/StructureDefinition/ig-parameter"},{"extension":[{"url":"code","valueString":"template-md"},{"url":"value","valueString":"template-page-md.html"}],"url":"http://hl7.org/fhir/tools/StructureDefinition/ig-parameter"},{"extension":[{"url":"code","valueString":"apply-contact"},{"url":"value","valueString":"true"}],"url":"http://hl7.org/fhir/tools/StructureDefinition/ig-parameter"},{"extension":[{"url":"code","valueString":"apply-context"},{"url":"value","valueString":"true"}],"url":"http://hl7.org/fhir/tools/StructureDefinition/ig-parameter"},{"extension":[{"url":"code","valueString":"apply-copyright"},{"url":"value","valueString":"true"}],"url":"http://hl7.org/fhir/tools/StructureDefinition/ig-parameter"},{"extension":[{"url":"code","valueString":"apply-jurisdiction"},{"url":"value","valueString":"true"}],"url":"http://hl7.org/fhir/tools/StructureDefinition/ig-parameter"},{"extension":[{"url":"code","valueString":"apply-license"},{"url":"value","valueString":"true"}],"url":"http://hl7.org/fhir/tools/StructureDefinition/ig-parameter"},{"extension":[{"url":"code","valueString":"apply-publisher"},{"url":"value","valueString":"true"}],"url":"http://hl7.org/fhir/tools/StructureDefinition/ig-parameter"},{"extension":[{"url":"code","valueString":"apply-version"},{"url":"value","valueString":"true"}],"url":"http://hl7.org/fhir/tools/StructureDefinition/ig-parameter"},{"extension":[{"url":"code","valueString":"active-tables"},{"url":"value","valueString":"true"}],"url":"http://hl7.org/fhir/tools/StructureDefinition/ig-parameter"},{"extension":[{"url":"code","valueString":"fmm-definition"},{"url":"value","valueString":"http://hl7.org/fhir/versions.html#maturity"}],"url":"http://hl7.org/fhir/tools/StructureDefinition/ig-parameter"},{"extension":[{"url":"code","valueString":"propagate-status"},{"url":"value","valueString":"true"}],"url":"http://hl7.org/fhir/tools/StructureDefinition/ig-parameter"},{"extension":[{"url":"code","valueString":"excludelogbinaryformat"},{"url":"value","valueString":"true"}],"url":"http://hl7.org/fhir/tools/StructureDefinition/ig-parameter"}],"grouping":[{"id":"-str-profile","name":"Structures: Resource Profiles","description":"These define constraints on FHIR resources for systems conforming to this implementation guide"},{"id":"-term-valueset","name":"Terminology: Value Sets","description":"These define sets of codes used by systems conforming to this implementation guide"},{"id":"-ex-example","name":"Example: Example Instances","description":"These are example instances that show what data produced and consumed by systems conforming with this implementation guide might look like"}],"resource":[{"extension":[{"url":"http://hl7.org/fhir/StructureDefinition/implementationguide-page","valueUri":"StructureDefinition-sd-abstrichserie.html"}],"reference":{"reference":"StructureDefinition/sd-abstrichserie"},"name":"Profil - Abstrichserie","description":"Eine Abstrichserie besteht aus einem oder mehreren Befunden, die für einen bestimmten Erreger relevant sind und als Grundlage für eine medizinische Entscheidung dienen","exampleBoolean":false,"groupingId":"-str-profile"},{"extension":[{"url":"http://hl7.org/fhir/StructureDefinition/implementationguide-page","valueUri":"StructureDefinition-sd-erregerfall.html"}],"reference":{"reference":"StructureDefinition/sd-erregerfall"},"name":"Profil - ErregerFall","description":"Ein Erreger-Fall beschreibt den Verlauf des Status eines Patienten in Bezug auf einen bestimmten Erreger. In der Regel entsteht ein Erreger-Fall als Reaktion auf eine positive oder grenzwertige Abstrichserie.","exampleBoolean":false,"groupingId":"-str-profile"},{"extension":[{"url":"http://hl7.org/fhir/StructureDefinition/implementationguide-page","valueUri":"StructureDefinition-sd-erregernachweis.html"}],"reference":{"reference":"StructureDefinition/sd-erregernachweis"},"name":"Profil - Erreger Nachweis","exampleBoolean":false,"groupingId":"-str-profile"},{"extension":[{"url":"http://hl7.org/fhir/StructureDefinition/implementationguide-page","valueUri":"StructureDefinition-sd-mre-klasse.html"}],"reference":{"reference":"StructureDefinition/sd-mre-klasse"},"name":"Profil - MRE Klasse","exampleBoolean":false,"groupingId":"-str-profile"},{"extension":[{"url":"http://hl7.org/fhir/StructureDefinition/implementationguide-page","valueUri":"ValueSet-vs-abstrichserie-ergbenis.html"}],"reference":{"reference":"ValueSet/vs-abstrichserie-ergbenis"},"name":"ValueSet - Abstrichserie Ergebnis [SNOMED CT]","description":"Das ValueSet enthält Codes für Ergebnisse einer Abstrichserie.","exampleBoolean":false,"groupingId":"-term-valueset"},{"extension":[{"url":"http://hl7.org/fhir/StructureDefinition/implementationguide-page","valueUri":"ValueSet-vs-erreger-status.html"}],"reference":{"reference":"ValueSet/vs-erreger-status"},"name":"ValueSet - ErregerStatus [SNOMED CT]","description":"Das ValueSet enthält Codes für den Erregerstatus eines Patienten.","exampleBoolean":false,"groupingId":"-term-valueset"},{"extension":[{"url":"http://hl7.org/fhir/StructureDefinition/implementationguide-page","valueUri":"ValueSet-vs-erreger-bakterien.html"}],"reference":{"reference":"ValueSet/vs-erreger-bakterien"},"name":"ValueSet - Erreger Bakterien [SNOMED CT]","description":"Das ValueSet enthält Codes für Bakterien aus SNOMED CT.","exampleBoolean":false,"groupingId":"-term-valueset"},{"extension":[{"url":"http://hl7.org/fhir/StructureDefinition/implementationguide-page","valueUri":"ValueSet-vs-erreger-pilze.html"}],"reference":{"reference":"ValueSet/vs-erreger-pilze"},"name":"ValueSet - Erreger Pilze [SNOMED CT]","description":"Das ValueSet enthält Codes für Pilze aus SNOMED CT.","exampleBoolean":false,"groupingId":"-term-valueset"},{"extension":[{"url":"http://hl7.org/fhir/StructureDefinition/implementationguide-page","valueUri":"ValueSet-vs-erreger-viren.html"}],"reference":{"reference":"ValueSet/vs-erreger-viren"},"name":"ValueSet - Erreger Viren [SNOMED CT]","description":"Das ValueSet enthält Codes für Viren aus SNOMED CT.","exampleBoolean":false,"groupingId":"-term-valueset"},{"extension":[{"url":"http://hl7.org/fhir/StructureDefinition/implementationguide-page","valueUri":"ValueSet-vs-erregernachweis-qualifier.html"}],"reference":{"reference":"ValueSet/vs-erregernachweis-qualifier"},"name":"ValueSet - Erregernachweis Qualifier [SNOMED CT]","description":"Das ValueSet enthält Codes zur Beschreibung des Testergebnisses eines Erregernachweises.","exampleBoolean":false,"groupingId":"-term-valueset"},{"extension":[{"url":"http://hl7.org/fhir/StructureDefinition/implementationguide-page","valueUri":"ValueSet-vs-mikrobiologischer-befund-mre-klasse.html"}],"reference":{"reference":"ValueSet/vs-mikrobiologischer-befund-mre-klasse"},"name":"ValueSet - Mikrobiologischer Befund MRE Klasse [LOINC, SNOMED CT]","description":"Bezeichnungen für Klassen von Multiresistenten Erregern (MRE).","exampleBoolean":false,"groupingId":"-term-valueset"},{"extension":[{"url":"http://hl7.org/fhir/StructureDefinition/implementationguide-page","valueUri":"DiagnosticReport-example-abstrichserie.html"}],"reference":{"reference":"DiagnosticReport/example-abstrichserie"},"name":"Beispiel Abstrichserie","description":"Beispiel einer Abstrichserie","exampleCanonical":"https://charite.de/fhir/erregerfall/StructureDefinition/sd-abstrichserie","groupingId":"-ex-example"},{"extension":[{"url":"http://hl7.org/fhir/StructureDefinition/implementationguide-page","valueUri":"DiagnosticReport-example-erregerfall-mrsa.html"}],"reference":{"reference":"DiagnosticReport/example-erregerfall-mrsa"},"name":"Beispiel Erregerfall MRSA","description":"Beispiel eines Erregerfalls MRSA","exampleCanonical":"https://charite.de/fhir/erregerfall/StructureDefinition/sd-erregerfall","groupingId":"-ex-example"},{"extension":[{"url":"http://hl7.org/fhir/StructureDefinition/implementationguide-page","valueUri":"Observation-example-erregernachweis-mrsa.html"}],"reference":{"reference":"Observation/example-erregernachweis-mrsa"},"name":"Beispiel Erregernachweis MRSA","description":"Beispiel für Erregernachweis von MRSA","exampleCanonical":"https://charite.de/fhir/erregerfall/StructureDefinition/sd-erregernachweis","groupingId":"-ex-example"},{"extension":[{"url":"http://hl7.org/fhir/StructureDefinition/implementationguide-page","valueUri":"Observation-example-mre-klasse-mrsa.html"}],"reference":{"reference":"Observation/example-mre-klasse-mrsa"},"name":"Beispiel - MRE Klasse MRSA","description":"Beispiel für MRE Klasse MRSA","exampleCanonical":"https://charite.de/fhir/erregerfall/StructureDefinition/sd-mre-klasse","groupingId":"-ex-example"}],"page":{"nameUrl":"toc.html","title":"Table of Contents","generation":"html","page":[{"nameUrl":"index.html","title":"Home","generation":"markdown"},{"nameUrl":"logicalmodel.html","title":"Logical Model","generation":"markdown"},{"nameUrl":"profiles.html","title":"Profiles","generation":"markdown"},{"nameUrl":"extensions.html","title":"Extensions","generation":"markdown"},{"nameUrl":"terminology.html","title":"Terminology","generation":"markdown"},{"nameUrl":"artifacts.html","title":"Artifacts Summary","generation":"html","page":[{"nameUrl":"StructureDefinition-sd-abstrichserie.html","title":"Profil - Abstrichserie","generation":"generated"},{"nameUrl":"StructureDefinition-sd-erregerfall.html","title":"Profil - ErregerFall","generation":"generated"},{"nameUrl":"StructureDefinition-sd-erregernachweis.html","title":"Profil - Erreger Nachweis","generation":"generated"},{"nameUrl":"StructureDefinition-sd-mre-klasse.html","title":"Profil - MRE Klasse","generation":"generated"},{"nameUrl":"ValueSet-vs-abstrichserie-ergbenis.html","title":"ValueSet - Abstrichserie Ergebnis [SNOMED CT]","generation":"generated"},{"nameUrl":"ValueSet-vs-erreger-status.html","title":"ValueSet - ErregerStatus [SNOMED CT]","generation":"generated"},{"nameUrl":"ValueSet-vs-erreger-bakterien.html","title":"ValueSet - Erreger Bakterien [SNOMED CT]","generation":"generated"},{"nameUrl":"ValueSet-vs-erreger-pilze.html","title":"ValueSet - Erreger Pilze [SNOMED CT]","generation":"generated"},{"nameUrl":"ValueSet-vs-erreger-viren.html","title":"ValueSet - Erreger Viren [SNOMED CT]","generation":"generated"},{"nameUrl":"ValueSet-vs-erregernachweis-qualifier.html","title":"ValueSet - Erregernachweis Qualifier [SNOMED CT]","generation":"generated"},{"nameUrl":"ValueSet-vs-mikrobiologischer-befund-mre-klasse.html","title":"ValueSet - Mikrobiologischer Befund MRE Klasse [LOINC, SNOMED CT]","generation":"generated"},{"nameUrl":"DiagnosticReport-example-abstrichserie.html","title":"Beispiel Abstrichserie","generation":"generated"},{"nameUrl":"DiagnosticReport-example-erregerfall-mrsa.html","title":"Beispiel Erregerfall MRSA","generation":"generated"},{"nameUrl":"Observation-example-erregernachweis-mrsa.html","title":"Beispiel Erregernachweis MRSA","generation":"generated"},{"nameUrl":"Observation-example-mre-klasse-mrsa.html","title":"Beispiel - MRE Klasse MRSA","generation":"generated"}]}]},"parameter":[{"code":"path-resource","value":"input/capabilities"},{"code":"path-resource","value":"input/examples"},{"code":"path-resource","value":"input/extensions"},{"code":"path-resource","value":"input/models"},{"code":"path-resource","value":"input/operations"},{"code":"path-resource","value":"input/profiles"},{"code":"path-resource","value":"input/resources"},{"code":"path-resource","value":"input/vocabulary"},{"code":"path-resource","value":"input/maps"},{"code":"path-resource","value":"input/testing"},{"code":"path-resource","value":"input/history"},{"code":"path-resource","value":"fsh-generated/resources"},{"code":"path-pages","value":"template/config"},{"code":"path-pages","value":"input/images"},{"code":"path-tx-cache","value":"input-cache/txcache"}]}}