{"resourceType":"ValueSet","id":"vs-nicht-zaehlbar-grund","text":{"status":"generated","div":"<div xmlns=\"http://www.w3.org/1999/xhtml\"><p>This value set includes codes based on the following rules:</p><ul><li>Include all codes defined in <a href=\"CodeSystem-cs-nicht-zaehlbar-grund.html\"><code>https://charite.de/fhir/erregerfall/CodeSystem/cs-nicht-zaehlbar-grund</code></a></li><li>Include these codes as defined in <a href=\"http://www.snomed.org/\"><code>http://snomed.info/sct</code></a><table class=\"none\"><tr><td style=\"white-space:nowrap\"><b>Code</b></td><td><b>Display</b></td></tr><tr><td><a href=\"http://snomed.info/id/281789004\">281789004</a></td><td>Antibiotic therapy (procedure)</td></tr><tr><td><a href=\"http://snomed.info/id/74964007\">74964007</a></td><td>other</td></tr></table></li></ul></div>"},"url":"https://charite.de/fhir/erregerfall/ValueSet/vs-nicht-zaehlbar-grund","version":"0.1.0","name":"VS_Nicht_Zaehlbar_Grund","title":"VS Nicht Zaehlbar Grund","status":"active","date":"2022-08-18T13:03:54+00:00","publisher":"Berlin Institute of Health","contact":[{"name":"Berlin Institute of Health","telecom":[{"system":"url","value":"https://www.bihealth.org/"}]}],"description":"tbd","compose":{"include":[{"system":"https://charite.de/fhir/erregerfall/CodeSystem/cs-nicht-zaehlbar-grund"},{"system":"http://snomed.info/sct","concept":[{"code":"281789004","display":"Antibiotic therapy (procedure)"},{"code":"74964007","display":"other"}]}]}}