{"resourceType":"ValueSet","id":"vs-erreger-pilze","text":{"status":"generated","div":"<div xmlns=\"http://www.w3.org/1999/xhtml\"><ul><li>Include codes from <a href=\"http://www.snomed.org/\"><code>http://snomed.info/sct</code></a> where concept  descends from  414561005 (Kingdom Fungi (organism))</li></ul></div>"},"url":"https://charite.de/fhir/erregerfall/ValueSet/vs-erreger-pilze","version":"0.1.0","name":"VS_Erreger_Pilze","title":"ValueSet - Erreger Pilze [SNOMED CT]","status":"active","date":"2022-06-16T21:59:32+00:00","publisher":"Berlin Institute of Health","contact":[{"name":"Berlin Institute of Health","telecom":[{"system":"url","value":"https://www.bihealth.org/"}]}],"description":"Das ValueSet enthält Codes für Pilze aus SNOMED CT.","compose":{"include":[{"system":"http://snomed.info/sct","filter":[{"property":"concept","op":"descendent-of","value":"414561005"}]}]}}