{
  "resourceType": "Observation",
  "id": "example-mre-klasse",
  "meta": {
    "profile": [
      "https://charite.de/fhir/erregerfall/StructureDefinition/sd-mre-klasse"
    ]
  },
  "text": {
    "status": "generated",
    "div": "<div xmlns=\"http://www.w3.org/1999/xhtml\"><p><b>Generated Narrative</b></p><p><b>identifier</b>: Observation Instance Identifier: 59826-8_1234567890</p><p></p><p><b>category</b>: <span title=\"Codes: {http://loinc.org 18725-2}, {http://terminology.hl7.org/CodeSystem/observation-category laboratory}, {http://loinc.org 18725-2}\">Microbiology studies (set)</span></p><p><b>code</b>: <span title=\"Codes: {http://loinc.org 99780-9}\">Multidrug resistant gram-negative organism classification [Type]</span></p><p><b>subject</b>: <a href=\"https://simplifier.net/resolve?scope=de.medizininformatikinitiative.kerndatensatz.laborbefund@1.0.7-alpha1&amp;canonical=de.medizininformatikinitiative.kerndatensatz.laborbefund/Patient/example-patient\">Patient/example-patient</a></p><p><b>effective</b>: 2022-05-31</p><p><b>value</b>: <span title=\"Codes: {http://snomed.info/sct 115329001}\">MRSA</span></p></div>"
  },
  "identifier": [
    {
      "type": {
        "coding": [
          {
            "system": "http://terminology.hl7.org/CodeSystem/v2-0203",
            "code": "OBI"
          },
          {
            "system": "http://terminology.hl7.org/CodeSystem/v2-0203",
            "code": "OBI"
          }
        ]
      },
      "system": "https://exmaple.org/fhir/sid/test-lab-results",
      "value": "59826-8_1234567890",
      "assigner": {
        "reference": "Organization/example"
      }
    }
  ],
  "status": "final",
  "category": [
    {
      "coding": [
        {
          "system": "http://loinc.org",
          "code": "18725-2"
        },
        {
          "system": "http://terminology.hl7.org/CodeSystem/observation-category",
          "code": "laboratory"
        },
        {
          "system": "http://loinc.org",
          "code": "18725-2"
        }
      ]
    }
  ],
  "code": {
    "coding": [
      {
        "system": "http://loinc.org",
        "code": "99780-9"
      }
    ]
  },
  "subject": {
    "reference": "Patient/example-patient"
  },
  "effectiveDateTime": "2022-05-31",
  "valueCodeableConcept": {
    "coding": [
      {
        "system": "http://snomed.info/sct",
        "code": "115329001"
      }
    ]
  }
}