{
  "resourceType": "ValueSet",
  "id": "vs-erreger-status",
  "text": {
    "status": "generated",
    "div": "<div xmlns=\"http://www.w3.org/1999/xhtml\"><ul><li>Include these codes as defined in <a href=\"http://www.snomed.org/\"><code>http://snomed.info/sct</code></a><table class=\"none\"><tr><td style=\"white-space:nowrap\"><b>Code</b></td><td><b>Display</b></td></tr><tr><td><a href=\"http://snomed.info/id/10828004\">10828004</a></td><td>Positive (qualifier value)</td></tr><tr><td><a href=\"http://snomed.info/id/260385009\">260385009</a></td><td>Negative (qualifier value)</td></tr><tr><td><a href=\"http://snomed.info/id/410513005\">410513005</a></td><td>In the past (qualifier value)</td></tr><tr><td><a href=\"http://snomed.info/id/24932003\">24932003</a></td><td>Exposure to (contextual qualifier) (qualifier value)</td></tr><tr><td><a href=\"http://snomed.info/id/419099009\">419099009</a></td><td>Dead (finding)</td></tr></table></li></ul></div>"
  },
  "url": "https://charite.de/fhir/erregerfall/ValueSet/vs-erreger-status",
  "version": "0.1.0",
  "name": "VS_ErregerStatus",
  "title": "ValueSet - ErregerStatus [SNOMED CT]",
  "status": "active",
  "date": "2022-06-16T21:59:32+00:00",
  "publisher": "Berlin Institute of Health",
  "contact": [
    {
      "name": "Berlin Institute of Health",
      "telecom": [
        {
          "system": "url",
          "value": "https://www.bihealth.org/"
        }
      ]
    }
  ],
  "description": "Das ValueSet enthält Codes für den Erregerstatus eines Patienten.",
  "compose": {
    "include": [
      {
        "system": "http://snomed.info/sct",
        "concept": [
          {
            "code": "10828004",
            "display": "Positive (qualifier value)"
          },
          {
            "code": "260385009",
            "display": "Negative (qualifier value)"
          },
          {
            "code": "410513005",
            "display": "In the past (qualifier value)"
          },
          {
            "code": "24932003",
            "display": "Exposure to (contextual qualifier) (qualifier value)"
          },
          {
            "code": "419099009",
            "display": "Dead (finding)"
          }
        ]
      }
    ]
  }
}