{
  "resourceType": "ValueSet",
  "id": "vs-erreger-viren",
  "text": {
    "status": "generated",
    "div": "<div xmlns=\"http://www.w3.org/1999/xhtml\"><ul><li>Include codes from <a href=\"http://www.snomed.org/\"><code>http://snomed.info/sct</code></a> where concept  descends from  49872002 (Virus)</li></ul></div>"
  },
  "url": "https://charite.de/fhir/erregerfall/ValueSet/vs-erreger-viren",
  "version": "0.1.0",
  "name": "VS_Erreger_Viren",
  "title": "ValueSet - Erreger Viren [SNOMED CT]",
  "status": "active",
  "date": "2022-08-18T13:03:54+00:00",
  "publisher": "Berlin Institute of Health",
  "contact": [
    {
      "name": "Berlin Institute of Health",
      "telecom": [
        {
          "system": "url",
          "value": "https://www.bihealth.org/"
        }
      ]
    }
  ],
  "description": "Das ValueSet enthält Codes für Viren aus SNOMED CT.",
  "compose": {
    "include": [
      {
        "system": "http://snomed.info/sct",
        "filter": [
          {
            "property": "concept",
            "op": "descendent-of",
            "value": "49872002"
          }
        ]
      }
    ]
  }
}